timesteps,reward
4,[0.1 0.1 0.1 0.1]
8,[0.1 0.1 0.1 0.1]
12,[0.1 0.1 0.1 0.1]
16,[0.1 0.1 0.1 0.1]
20,[0.1 0.1 0.1 0.1]
24,[0.1 0.1 0.1 0.1]
28,[0.1 0.1 0.1 0.1]
32,[0.1 0.1 0.1 0.1]
36,[0.1 0.1 0.1 0.1]
40,[0.1 0.1 0.1 0.1]
44,[0.1 0.1 0.1 0.1]
48,[0.1 0.1 0.1 0.1]
52,[0.1 0.1 0.1 0.1]
56,[0.1 0.1 0.1 0.1]
60,[0.1 0.1 0.1 0.1]
64,[0.1 0.1 0.1 0.1]
68,[0.1 0.1 0.1 0.1]
72,[0.1 0.1 0.1 0.1]
76,[0.1 0.1 0.1 0.1]
80,[0.1 0.1 0.1 0.1]
84,[0.1 0.1 0.1 0.1]
88,[0.1 0.1 0.1 0.1]
92,[0.1 0.1 0.1 0.1]
96,[0.1 0.1 0.1 0.1]
100,[0.1 0.1 0.1 0.1]
104,[0.1 0.1 0.1 0.1]
108,[0.1 0.1 0.1 0.1]
112,[0.1 0.1 0.1 0.1]
116,[0.1 0.1 0.1 0.1]
120,[-0.5 -0.5  0.1 -0.5]
124,[-0.5 -0.5  0.1 -0.5]
128,[-0.5 -0.5 -0.5 -0.5]
132,[-0.5 -0.5 -0.5 -0.5]
136,[-0.5 -0.5 -0.5 -0.5]
140,[-0.5 -0.5 -0.5 -0.5]
144,[-0.5 -0.5 -0.5 -0.5]
148,[-0.5 -0.5 -0.5 -0.5]
152,[-0.5 -0.5 -0.5 -0.5]
156,[-0.5 -0.5 -0.5 -0.5]
160,[-0.5 -0.5 -0.5 -0.5]
164,[-0.5 -0.5 -0.5 -0.5]
168,[-0.5 -0.5 -0.5 -0.5]
172,[-0.5 -0.5 -0.5 -0.5]
176,[-0.5 -0.5 -0.5 -0.5]
180,[-0.5 -0.5 -0.5 -0.5]
184,[-0.5 -0.5 -0.5 -0.5]
188,[-0.5 -0.5 -0.5 -0.5]
192,[-0.5 -0.5 -0.5 -0.5]
196,[-0.5 -0.5 -0.5 -0.5]
200,[-1. -1. -1. -1.]
204,[0.1 0.1 0.1 0.1]
208,[0.1 0.1 0.1 0.1]
212,[0.1 0.1 0.1 0.1]
216,[0.1 0.1 0.1 0.1]
220,[0.1 0.1 0.1 0.1]
224,[0.1 0.1 0.1 0.1]
228,[0.1 0.1 0.1 0.1]
232,[0.1 0.1 0.1 0.1]
236,[0.1 0.1 0.1 0.1]
240,[0.1 0.1 0.1 0.1]
244,[0.1 0.1 0.1 0.1]
248,[0.1 0.1 0.1 0.1]
252,[0.1 0.1 0.1 0.1]
256,[0.1 0.1 0.1 0.1]
260,[0.1 0.1 0.1 0.1]
264,[0.1 0.1 0.1 0.1]
268,[0.1 0.1 0.1 0.1]
272,[0.1 0.1 0.1 0.1]
276,[0.1 0.1 0.1 0.1]
280,[0.1 0.1 0.1 0.1]
284,[0.1 0.1 0.1 0.1]
288,[0.1 0.1 0.1 0.1]
292,[0.1 0.1 0.1 0.1]
296,[0.1 0.1 0.1 0.1]
300,[0.1 0.1 0.1 0.1]
304,[0.1 0.1 0.1 0.1]
308,[0.1 0.1 0.1 0.1]
312,[0.1 0.1 0.1 0.1]
316,[ 0.1  0.1  0.1 -0.5]
320,[ 0.1  0.1  0.1 -0.5]
324,[-0.5 -0.5  0.1 -0.5]
328,[-0.5 -0.5  0.1 -0.5]
332,[-0.5 -0.5  0.1 -0.5]
336,[-0.5 -0.5 -0.5 -0.5]
340,[-0.5 -0.5 -0.5 -0.5]
344,[-0.5 -0.5 -0.5 -0.5]
348,[-0.5 -0.5 -0.5 -0.5]
352,[-0.5 -0.5 -0.5 -0.5]
356,[-0.5 -0.5 -0.5 -0.5]
360,[-0.5 -0.5 -0.5 -0.5]
364,[-0.5 -0.5 -0.5 -0.5]
368,[-0.5 -0.5 -0.5 -0.5]
372,[-0.5 -0.5 -0.5 -0.5]
376,[-0.5 -0.5 -0.5 -0.5]
380,[-0.5 -0.5 -0.5 -0.5]
384,[-0.5 -0.5 -0.5 -0.5]
388,[-0.5 -0.5 -0.5 -0.5]
392,[-0.5 -0.5 -0.5 -0.5]
396,[-0.5 -0.5 -0.5 -0.5]
400,[-1. -1. -1. -1.]
404,[0.1 0.1 0.1 0.1]
408,[0.1 0.1 0.1 0.1]
412,[0.1 0.1 0.1 0.1]
416,[0.1 0.1 0.1 0.1]
420,[0.1 0.1 0.1 0.1]
424,[0.1 0.1 0.1 0.1]
428,[0.1 0.1 0.1 0.1]
432,[0.1 0.1 0.1 0.1]
436,[0.1 0.1 0.1 0.1]
440,[0.1 0.1 0.1 0.1]
444,[0.1 0.1 0.1 0.1]
448,[0.1 0.1 0.1 0.1]
452,[0.1 0.1 0.1 0.1]
456,[0.1 0.1 0.1 0.1]
460,[0.1 0.1 0.1 0.1]
464,[0.1 0.1 0.1 0.1]
468,[0.1 0.1 0.1 0.1]
472,[0.1 0.1 0.1 0.1]
476,[0.1 0.1 0.1 0.1]
480,[0.1 0.1 0.1 0.1]
484,[0.1 0.1 0.1 0.1]
488,[0.1 0.1 0.1 0.1]
492,[0.1 0.1 0.1 0.1]
496,[0.1 0.1 0.1 0.1]
500,[0.1 0.1 0.1 0.1]
504,[0.1 0.1 0.1 0.1]
508,[0.1 0.1 0.1 0.1]
512,[0.1 0.1 0.1 0.1]
516,[ 0.1  0.1  0.1 -0.5]
520,[ 0.1  0.1  0.1 -0.5]
524,[ 0.1  0.1  0.1 -0.5]
528,[ 0.1 -0.5  0.1 -0.5]
532,[-0.5 -0.5 -0.5 -0.5]
536,[-0.5 -0.5 -0.5 -0.5]
540,[-0.5 -0.5 -0.5 -0.5]
544,[-0.5 -0.5 -0.5 -0.5]
548,[-0.5 -0.5 -0.5 -0.5]
552,[-0.5 -0.5 -0.5 -0.5]
556,[-0.5 -0.5 -0.5 -0.5]
560,[-0.5 -0.5 -0.5 -0.5]
564,[-0.5 -0.5 -0.5 -0.5]
568,[-0.5 -0.5 -0.5 -0.5]
572,[-0.5 -0.5 -0.5 -0.5]
576,[-0.5 -0.5 -0.5 -0.5]
580,[-0.5 -0.5 -0.5 -0.5]
584,[-0.5 -0.5 -0.5 -0.5]
588,[-0.5 -0.5 -0.5 -0.5]
592,[-0.5 -0.5 -0.5 -0.5]
596,[-0.5 -0.5 -0.5 -0.5]
600,[-1. -1. -1. -1.]
604,[0.1 0.1 0.1 0.1]
608,[0.1 0.1 0.1 0.1]
612,[0.1 0.1 0.1 0.1]
616,[0.1 0.1 0.1 0.1]
620,[0.1 0.1 0.1 0.1]
624,[0.1 0.1 0.1 0.1]
628,[0.1 0.1 0.1 0.1]
632,[0.1 0.1 0.1 0.1]
636,[0.1 0.1 0.1 0.1]
640,[0.1 0.1 0.1 0.1]
644,[0.1 0.1 0.1 0.1]
648,[0.1 0.1 0.1 0.1]
652,[0.1 0.1 0.1 0.1]
656,[0.1 0.1 0.1 0.1]
660,[0.1 0.1 0.1 0.1]
664,[0.1 0.1 0.1 0.1]
668,[0.1 0.1 0.1 0.1]
672,[0.1 0.1 0.1 0.1]
676,[0.1 0.1 0.1 0.1]
680,[0.1 0.1 0.1 0.1]
684,[0.1 0.1 0.1 0.1]
688,[0.1 0.1 0.1 0.1]
692,[0.1 0.1 0.1 0.1]
696,[0.1 0.1 0.1 0.1]
700,[0.1 0.1 0.1 0.1]
704,[0.1 0.1 0.1 0.1]
708,[0.1 0.1 0.1 0.1]
712,[0.1 0.1 0.1 0.1]
716,[0.1 0.1 0.1 0.1]
720,[0.1 0.1 0.1 0.1]
724,[ 0.1 -0.5  0.1  0.1]
728,[-0.5 -0.5 -0.5  0.1]
732,[-0.5 -0.5 -0.5 -0.5]
736,[-0.5 -0.5 -0.5 -0.5]
740,[-0.5 -0.5 -0.5 -0.5]
744,[-0.5 -0.5 -0.5 -0.5]
748,[-0.5 -0.5 -0.5 -0.5]
752,[-0.5 -0.5 -0.5 -0.5]
756,[-0.5 -0.5 -0.5 -0.5]
760,[-0.5 -0.5 -0.5 -0.5]
764,[-0.5 -0.5 -0.5 -0.5]
768,[-0.5 -0.5 -0.5 -0.5]
772,[-0.5 -0.5 -0.5 -0.5]
776,[-0.5 -0.5 -0.5 -0.5]
780,[-0.5 -0.5 -0.5 -0.5]
784,[-0.5 -0.5 -0.5 -0.5]
788,[-0.5 -0.5 -0.5 -0.5]
792,[-0.5 -0.5 -0.5 -0.5]
796,[-0.5 -0.5 -0.5 -0.5]
800,[-1. -1. -1. -1.]
804,[0.1 0.1 0.1 0.1]
808,[0.1 0.1 0.1 0.1]
812,[0.1 0.1 0.1 0.1]
816,[0.1 0.1 0.1 0.1]
820,[0.1 0.1 0.1 0.1]
824,[0.1 0.1 0.1 0.1]
828,[0.1 0.1 0.1 0.1]
832,[0.1 0.1 0.1 0.1]
836,[0.1 0.1 0.1 0.1]
840,[0.1 0.1 0.1 0.1]
844,[0.1 0.1 0.1 0.1]
848,[0.1 0.1 0.1 0.1]
852,[0.1 0.1 0.1 0.1]
856,[0.1 0.1 0.1 0.1]
860,[0.1 0.1 0.1 0.1]
864,[0.1 0.1 0.1 0.1]
868,[0.1 0.1 0.1 0.1]
872,[0.1 0.1 0.1 0.1]
876,[0.1 0.1 0.1 0.1]
880,[0.1 0.1 0.1 0.1]
884,[0.1 0.1 0.1 0.1]
888,[0.1 0.1 0.1 0.1]
892,[0.1 0.1 0.1 0.1]
896,[0.1 0.1 0.1 0.1]
900,[0.1 0.1 0.1 0.1]
904,[0.1 0.1 0.1 0.1]
908,[0.1 0.1 0.1 0.1]
912,[0.1 0.1 0.1 0.1]
916,[-0.5  0.1  0.1  0.1]
920,[-0.5 -0.5  0.1 -0.5]
924,[-0.5 -0.5  0.1 -0.5]
928,[-0.5 -0.5  0.1 -0.5]
932,[-0.5 -0.5 -0.5 -0.5]
936,[-0.5 -0.5 -0.5 -0.5]
940,[-0.5 -0.5 -0.5 -0.5]
944,[-0.5 -0.5 -0.5 -0.5]
948,[-0.5 -0.5 -0.5 -0.5]
952,[-0.5 -0.5 -0.5 -0.5]
956,[-0.5 -0.5 -0.5 -0.5]
960,[-0.5 -0.5 -0.5 -0.5]
964,[-0.5 -0.5 -0.5 -0.5]
968,[-0.5 -0.5 -0.5 -0.5]
972,[-0.5 -0.5 -0.5 -0.5]
976,[-0.5 -0.5 -0.5 -0.5]
980,[-0.5 -0.5 -0.5 -0.5]
984,[-0.5 -0.5 -0.5 -0.5]
988,[-0.5 -0.5 -0.5 -0.5]
992,[-0.5 -0.5 -0.5 -0.5]
996,[-0.5 -0.5 -0.5 -0.5]
1000,[-1. -1. -1. -1.]
1004,[0.1 0.1 0.1 0.1]
1008,[0.1 0.1 0.1 0.1]
1012,[0.1 0.1 0.1 0.1]
1016,[0.1 0.1 0.1 0.1]
1020,[0.1 0.1 0.1 0.1]
1024,[0.1 0.1 0.1 0.1]
1028,[0.1 0.1 0.1 0.1]
1032,[0.1 0.1 0.1 0.1]
1036,[0.1 0.1 0.1 0.1]
1040,[0.1 0.1 0.1 0.1]
1044,[0.1 0.1 0.1 0.1]
1048,[0.1 0.1 0.1 0.1]
1052,[0.1 0.1 0.1 0.1]
1056,[0.1 0.1 0.1 0.1]
1060,[0.1 0.1 0.1 0.1]
1064,[0.1 0.1 0.1 0.1]
1068,[0.1 0.1 0.1 0.1]
1072,[0.1 0.1 0.1 0.1]
1076,[0.1 0.1 0.1 0.1]
1080,[0.1 0.1 0.1 0.1]
1084,[0.1 0.1 0.1 0.1]
1088,[0.1 0.1 0.1 0.1]
1092,[0.1 0.1 0.1 0.1]
1096,[0.1 0.1 0.1 0.1]
1100,[0.1 0.1 0.1 0.1]
1104,[0.1 0.1 0.1 0.1]
1108,[0.1 0.1 0.1 0.1]
1112,[0.1 0.1 0.1 0.1]
1116,[0.1 0.1 0.1 0.1]
1120,[0.1 0.1 0.1 0.1]
1124,[0.1 0.1 0.1 0.1]
1128,[ 0.1 -0.5 -0.5  0.1]
1132,[ 0.1 -0.5 -0.5  0.1]
1136,[ 0.1 -0.5 -0.5  0.1]
1140,[-0.5 -0.5 -0.5 -0.5]
1144,[-0.5 -0.5 -0.5 -0.5]
1148,[-0.5 -0.5 -0.5 -0.5]
1152,[-0.5 -0.5 -0.5 -0.5]
1156,[-0.5 -0.5 -0.5 -0.5]
1160,[-0.5 -0.5 -0.5 -0.5]
1164,[-0.5 -0.5 -0.5 -0.5]
1168,[-0.5 -0.5 -0.5 -0.5]
1172,[-0.5 -0.5 -0.5 -0.5]
1176,[-0.5 -0.5 -0.5 -0.5]
1180,[-0.5 -0.5 -0.5 -0.5]
1184,[-0.5 -0.5 -0.5 -0.5]
1188,[-0.5 -0.5 -0.5 -0.5]
1192,[-0.5 -0.5 -0.5 -0.5]
1196,[-0.5 -0.5 -0.5 -0.5]
1200,[-1. -1. -1. -1.]
1204,[0.1 0.1 0.1 0.1]
1208,[0.1 0.1 0.1 0.1]
1212,[0.1 0.1 0.1 0.1]
1216,[0.1 0.1 0.1 0.1]
1220,[0.1 0.1 0.1 0.1]
1224,[0.1 0.1 0.1 0.1]
1228,[0.1 0.1 0.1 0.1]
1232,[0.1 0.1 0.1 0.1]
1236,[0.1 0.1 0.1 0.1]
1240,[0.1 0.1 0.1 0.1]
1244,[0.1 0.1 0.1 0.1]
1248,[0.1 0.1 0.1 0.1]
1252,[0.1 0.1 0.1 0.1]
1256,[0.1 0.1 0.1 0.1]
1260,[0.1 0.1 0.1 0.1]
1264,[0.1 0.1 0.1 0.1]
1268,[0.1 0.1 0.1 0.1]
1272,[0.1 0.1 0.1 0.1]
1276,[0.1 0.1 0.1 0.1]
1280,[0.1 0.1 0.1 0.1]
1284,[0.1 0.1 0.1 0.1]
1288,[0.1 0.1 0.1 0.1]
1292,[0.1 0.1 0.1 0.1]
1296,[0.1 0.1 0.1 0.1]
1300,[0.1 0.1 0.1 0.1]
1304,[0.1 0.1 0.1 0.1]
1308,[0.1 0.1 0.1 0.1]
1312,[0.1 0.1 0.1 0.1]
1316,[0.1 0.1 0.1 0.1]
1320,[0.1 0.1 0.1 0.1]
1324,[ 0.1  0.1 -0.5  0.1]
1328,[ 0.1  0.1 -0.5 -0.5]
1332,[ 0.1  0.1 -0.5 -0.5]
1336,[ 0.1  0.1 -0.5 -0.5]
1340,[ 0.1 -0.5 -0.5 -0.5]
1344,[-0.5 -0.5 -0.5 -0.5]
1348,[-0.5 -0.5 -0.5 -0.5]
1352,[-0.5 -0.5 -0.5 -0.5]
1356,[-0.5 -0.5 -0.5 -0.5]
1360,[-0.5 -0.5 -0.5 -0.5]
1364,[-0.5 -0.5 -0.5 -0.5]
1368,[-0.5 -0.5 -0.5 -0.5]
1372,[-0.5 -0.5 -0.5 -0.5]
1376,[-0.5 -0.5 -0.5 -0.5]
1380,[-0.5 -0.5 -0.5 -0.5]
1384,[-0.5 -0.5 -0.5 -0.5]
1388,[-0.5 -0.5 -0.5 -0.5]
1392,[-0.5 -0.5 -0.5 -0.5]
1396,[-0.5 -0.5 -0.5 -0.5]
1400,[-1. -1. -1. -1.]
1404,[0.1 0.1 0.1 0.1]
1408,[0.1 0.1 0.1 0.1]
1412,[0.1 0.1 0.1 0.1]
1416,[0.1 0.1 0.1 0.1]
1420,[0.1 0.1 0.1 0.1]
1424,[0.1 0.1 0.1 0.1]
1428,[0.1 0.1 0.1 0.1]
1432,[0.1 0.1 0.1 0.1]
1436,[0.1 0.1 0.1 0.1]
1440,[0.1 0.1 0.1 0.1]
1444,[0.1 0.1 0.1 0.1]
1448,[0.1 0.1 0.1 0.1]
1452,[0.1 0.1 0.1 0.1]
1456,[0.1 0.1 0.1 0.1]
1460,[0.1 0.1 0.1 0.1]
1464,[0.1 0.1 0.1 0.1]
1468,[0.1 0.1 0.1 0.1]
1472,[0.1 0.1 0.1 0.1]
1476,[0.1 0.1 0.1 0.1]
1480,[0.1 0.1 0.1 0.1]
1484,[0.1 0.1 0.1 0.1]
1488,[0.1 0.1 0.1 0.1]
1492,[0.1 0.1 0.1 0.1]
1496,[0.1 0.1 0.1 0.1]
1500,[0.1 0.1 0.1 0.1]
1504,[0.1 0.1 0.1 0.1]
1508,[0.1 0.1 0.1 0.1]
1512,[0.1 0.1 0.1 0.1]
1516,[0.1 0.1 0.1 0.1]
1520,[ 0.1 -0.5 -0.5  0.1]
1524,[ 0.1 -0.5 -0.5  0.1]
1528,[ 0.1 -0.5 -0.5 -0.5]
1532,[-0.5 -0.5 -0.5 -0.5]
1536,[-0.5 -0.5 -0.5 -0.5]
1540,[-0.5 -0.5 -0.5 -0.5]
1544,[-0.5 -0.5 -0.5 -0.5]
1548,[-0.5 -0.5 -0.5 -0.5]
1552,[-0.5 -0.5 -0.5 -0.5]
1556,[-0.5 -0.5 -0.5 -0.5]
1560,[-0.5 -0.5 -0.5 -0.5]
1564,[-0.5 -0.5 -0.5 -0.5]
1568,[-0.5 -0.5 -0.5 -0.5]
1572,[-0.5 -0.5 -0.5 -0.5]
1576,[-0.5 -0.5 -0.5 -0.5]
1580,[-0.5 -0.5 -0.5 -0.5]
1584,[-0.5 -0.5 -0.5 -0.5]
1588,[-0.5 -0.5 -0.5 -0.5]
1592,[-0.5 -0.5 -0.5 -0.5]
1596,[-0.5 -0.5 -0.5 -0.5]
1600,[-1. -1. -1. -1.]
1604,[0.1 0.1 0.1 0.1]
1608,[0.1 0.1 0.1 0.1]
1612,[0.1 0.1 0.1 0.1]
1616,[0.1 0.1 0.1 0.1]
1620,[0.1 0.1 0.1 0.1]
1624,[0.1 0.1 0.1 0.1]
1628,[0.1 0.1 0.1 0.1]
1632,[0.1 0.1 0.1 0.1]
1636,[0.1 0.1 0.1 0.1]
1640,[0.1 0.1 0.1 0.1]
1644,[0.1 0.1 0.1 0.1]
1648,[0.1 0.1 0.1 0.1]
1652,[0.1 0.1 0.1 0.1]
1656,[0.1 0.1 0.1 0.1]
1660,[0.1 0.1 0.1 0.1]
1664,[0.1 0.1 0.1 0.1]
1668,[0.1 0.1 0.1 0.1]
1672,[0.1 0.1 0.1 0.1]
1676,[0.1 0.1 0.1 0.1]
1680,[0.1 0.1 0.1 0.1]
1684,[0.1 0.1 0.1 0.1]
1688,[0.1 0.1 0.1 0.1]
1692,[0.1 0.1 0.1 0.1]
1696,[0.1 0.1 0.1 0.1]
1700,[0.1 0.1 0.1 0.1]
1704,[0.1 0.1 0.1 0.1]
1708,[0.1 0.1 0.1 0.1]
1712,[0.1 0.1 0.1 0.1]
1716,[0.1 0.1 0.1 0.1]
1720,[ 0.1  0.1 -0.5  0.1]
1724,[ 0.1 -0.5 -0.5 -0.5]
1728,[ 0.1 -0.5 -0.5 -0.5]
1732,[-0.5 -0.5 -0.5 -0.5]
1736,[-0.5 -0.5 -0.5 -0.5]
1740,[-0.5 -0.5 -0.5 -0.5]
1744,[-0.5 -0.5 -0.5 -0.5]
1748,[-0.5 -0.5 -0.5 -0.5]
1752,[-0.5 -0.5 -0.5 -0.5]
1756,[-0.5 -0.5 -0.5 -0.5]
1760,[-0.5 -0.5 -0.5 -0.5]
1764,[-0.5 -0.5 -0.5 -0.5]
1768,[-0.5 -0.5 -0.5 -0.5]
1772,[-0.5 -0.5 -0.5 -0.5]
1776,[-0.5 -0.5 -0.5 -0.5]
1780,[-0.5 -0.5 -0.5 -0.5]
1784,[-0.5 -0.5 -0.5 -0.5]
1788,[-0.5 -0.5 -0.5 -0.5]
1792,[-0.5 -0.5 -0.5 -0.5]
1796,[-0.5 -0.5 -0.5 -0.5]
1800,[-1. -1. -1. -1.]
1804,[0.1 0.1 0.1 0.1]
1808,[0.1 0.1 0.1 0.1]
1812,[0.1 0.1 0.1 0.1]
1816,[0.1 0.1 0.1 0.1]
1820,[0.1 0.1 0.1 0.1]
1824,[0.1 0.1 0.1 0.1]
1828,[0.1 0.1 0.1 0.1]
1832,[0.1 0.1 0.1 0.1]
1836,[0.1 0.1 0.1 0.1]
1840,[0.1 0.1 0.1 0.1]
1844,[0.1 0.1 0.1 0.1]
1848,[0.1 0.1 0.1 0.1]
1852,[0.1 0.1 0.1 0.1]
1856,[0.1 0.1 0.1 0.1]
1860,[0.1 0.1 0.1 0.1]
1864,[0.1 0.1 0.1 0.1]
1868,[0.1 0.1 0.1 0.1]
1872,[0.1 0.1 0.1 0.1]
1876,[0.1 0.1 0.1 0.1]
1880,[0.1 0.1 0.1 0.1]
1884,[0.1 0.1 0.1 0.1]
1888,[0.1 0.1 0.1 0.1]
1892,[0.1 0.1 0.1 0.1]
1896,[0.1 0.1 0.1 0.1]
1900,[0.1 0.1 0.1 0.1]
1904,[0.1 0.1 0.1 0.1]
1908,[0.1 0.1 0.1 0.1]
1912,[0.1 0.1 0.1 0.1]
1916,[0.1 0.1 0.1 0.1]
1920,[0.1 0.1 0.1 0.1]
1924,[0.1 0.1 0.1 0.1]
1928,[ 0.1  0.1 -0.5  0.1]
1932,[ 0.1 -0.5 -0.5 -0.5]
1936,[-0.5 -0.5 -0.5 -0.5]
1940,[-0.5 -0.5 -0.5 -0.5]
1944,[-0.5 -0.5 -0.5 -0.5]
1948,[-0.5 -0.5 -0.5 -0.5]
1952,[-0.5 -0.5 -0.5 -0.5]
1956,[-0.5 -0.5 -0.5 -0.5]
1960,[-0.5 -0.5 -0.5 -0.5]
1964,[-0.5 -0.5 -0.5 -0.5]
1968,[-0.5 -0.5 -0.5 -0.5]
1972,[-0.5 -0.5 -0.5 -0.5]
1976,[-0.5 -0.5 -0.5 -0.5]
1980,[-0.5 -0.5 -0.5 -0.5]
1984,[-0.5 -0.5 -0.5 -0.5]
1988,[-0.5 -0.5 -0.5 -0.5]
1992,[-0.5 -0.5 -0.5 -0.5]
1996,[-0.5 -0.5 -0.5 -0.5]
2000,[-1. -1. -1. -1.]
2004,[0.1 0.1 0.1 0.1]
2008,[0.1 0.1 0.1 0.1]
2012,[0.1 0.1 0.1 0.1]
2016,[0.1 0.1 0.1 0.1]
2020,[0.1 0.1 0.1 0.1]
2024,[0.1 0.1 0.1 0.1]
2028,[0.1 0.1 0.1 0.1]
2032,[0.1 0.1 0.1 0.1]
2036,[0.1 0.1 0.1 0.1]
2040,[0.1 0.1 0.1 0.1]
2044,[0.1 0.1 0.1 0.1]
2048,[0.1 0.1 0.1 0.1]
2052,[0.1 0.1 0.1 0.1]
2056,[0.1 0.1 0.1 0.1]
2060,[0.1 0.1 0.1 0.1]
2064,[0.1 0.1 0.1 0.1]
2068,[0.1 0.1 0.1 0.1]
2072,[0.1 0.1 0.1 0.1]
2076,[0.1 0.1 0.1 0.1]
2080,[0.1 0.1 0.1 0.1]
2084,[0.1 0.1 0.1 0.1]
2088,[0.1 0.1 0.1 0.1]
2092,[0.1 0.1 0.1 0.1]
2096,[0.1 0.1 0.1 0.1]
2100,[0.1 0.1 0.1 0.1]
2104,[0.1 0.1 0.1 0.1]
2108,[0.1 0.1 0.1 0.1]
2112,[0.1 0.1 0.1 0.1]
2116,[0.1 0.1 0.1 0.1]
2120,[0.1 0.1 0.1 0.1]
2124,[0.1 0.1 0.1 0.1]
2128,[ 0.1  0.1  0.1 -0.5]
2132,[ 0.1  0.1  0.1 -0.5]
2136,[-0.5  0.1  0.1 -0.5]
2140,[-0.5 -0.5 -0.5 -0.5]
2144,[-0.5 -0.5 -0.5 -0.5]
2148,[-0.5 -0.5 -0.5 -0.5]
2152,[-0.5 -0.5 -0.5 -0.5]
2156,[-0.5 -0.5 -0.5 -0.5]
2160,[-0.5 -0.5 -0.5 -0.5]
2164,[-0.5 -0.5 -0.5 -0.5]
2168,[-0.5 -0.5 -0.5 -0.5]
2172,[-0.5 -0.5 -0.5 -0.5]
2176,[-0.5 -0.5 -0.5 -0.5]
2180,[-0.5 -0.5 -0.5 -0.5]
2184,[-0.5 -0.5 -0.5 -0.5]
2188,[-0.5 -0.5 -0.5 -0.5]
2192,[-0.5 -0.5 -0.5 -0.5]
2196,[-0.5 -0.5 -0.5 -0.5]
2200,[-1. -1. -1. -1.]
2204,[0.1 0.1 0.1 0.1]
2208,[0.1 0.1 0.1 0.1]
2212,[0.1 0.1 0.1 0.1]
2216,[0.1 0.1 0.1 0.1]
2220,[0.1 0.1 0.1 0.1]
2224,[0.1 0.1 0.1 0.1]
2228,[0.1 0.1 0.1 0.1]
2232,[0.1 0.1 0.1 0.1]
2236,[0.1 0.1 0.1 0.1]
2240,[0.1 0.1 0.1 0.1]
2244,[0.1 0.1 0.1 0.1]
2248,[0.1 0.1 0.1 0.1]
2252,[0.1 0.1 0.1 0.1]
2256,[0.1 0.1 0.1 0.1]
2260,[0.1 0.1 0.1 0.1]
2264,[0.1 0.1 0.1 0.1]
2268,[0.1 0.1 0.1 0.1]
2272,[0.1 0.1 0.1 0.1]
2276,[0.1 0.1 0.1 0.1]
2280,[0.1 0.1 0.1 0.1]
2284,[0.1 0.1 0.1 0.1]
2288,[0.1 0.1 0.1 0.1]
2292,[0.1 0.1 0.1 0.1]
2296,[0.1 0.1 0.1 0.1]
2300,[0.1 0.1 0.1 0.1]
2304,[0.1 0.1 0.1 0.1]
2308,[0.1 0.1 0.1 0.1]
2312,[0.1 0.1 0.1 0.1]
2316,[0.1 0.1 0.1 0.1]
2320,[0.1 0.1 0.1 0.1]
2324,[0.1 0.1 0.1 0.1]
2328,[0.1 0.1 0.1 0.1]
2332,[0.1 0.1 0.1 0.1]
2336,[0.1 0.1 0.1 0.1]
2340,[ 0.1  0.1  0.1 -0.5]
2344,[-0.5 -0.5  0.1 -0.5]
2348,[-0.5 -0.5  0.1 -0.5]
2352,[-0.5 -0.5 -0.5 -0.5]
2356,[-0.5 -0.5 -0.5 -0.5]
2360,[-0.5 -0.5 -0.5 -0.5]
2364,[-0.5 -0.5 -0.5 -0.5]
2368,[-0.5 -0.5 -0.5 -0.5]
2372,[-0.5 -0.5 -0.5 -0.5]
2376,[-0.5 -0.5 -0.5 -0.5]
2380,[-0.5 -0.5 -0.5 -0.5]
2384,[-0.5 -0.5 -0.5 -0.5]
2388,[-0.5 -0.5 -0.5 -0.5]
2392,[-0.5 -0.5 -0.5 -0.5]
2396,[-0.5 -0.5 -0.5 -0.5]
2400,[-1. -1. -1. -1.]
2404,[0.1 0.1 0.1 0.1]
2408,[0.1 0.1 0.1 0.1]
2412,[0.1 0.1 0.1 0.1]
2416,[0.1 0.1 0.1 0.1]
2420,[0.1 0.1 0.1 0.1]
2424,[0.1 0.1 0.1 0.1]
2428,[0.1 0.1 0.1 0.1]
2432,[0.1 0.1 0.1 0.1]
2436,[0.1 0.1 0.1 0.1]
2440,[0.1 0.1 0.1 0.1]
2444,[0.1 0.1 0.1 0.1]
2448,[0.1 0.1 0.1 0.1]
2452,[0.1 0.1 0.1 0.1]
2456,[0.1 0.1 0.1 0.1]
2460,[0.1 0.1 0.1 0.1]
2464,[0.1 0.1 0.1 0.1]
2468,[0.1 0.1 0.1 0.1]
2472,[0.1 0.1 0.1 0.1]
2476,[0.1 0.1 0.1 0.1]
2480,[0.1 0.1 0.1 0.1]
2484,[0.1 0.1 0.1 0.1]
2488,[0.1 0.1 0.1 0.1]
2492,[0.1 0.1 0.1 0.1]
2496,[0.1 0.1 0.1 0.1]
2500,[0.1 0.1 0.1 0.1]
2504,[0.1 0.1 0.1 0.1]
2508,[0.1 0.1 0.1 0.1]
2512,[0.1 0.1 0.1 0.1]
2516,[0.1 0.1 0.1 0.1]
2520,[0.1 0.1 0.1 0.1]
2524,[0.1 0.1 0.1 0.1]
2528,[-0.5 -0.5  0.1  0.1]
2532,[-0.5 -0.5  0.1  0.1]
2536,[-0.5 -0.5  0.1  0.1]
2540,[-0.5 -0.5  0.1  0.1]
2544,[-0.5 -0.5  0.1  0.1]
2548,[-0.5 -0.5  0.1 -0.5]
2552,[-0.5 -0.5  0.1 -0.5]
2556,[-0.5 -0.5  0.1 -0.5]
2560,[-0.5 -0.5  0.1 -0.5]
2564,[-0.5 -0.5  0.1 -0.5]
2568,[-0.5 -0.5  0.1 -0.5]
2572,[-0.5 -0.5  0.1 -0.5]
2576,[-0.5 -0.5  0.1 -0.5]
2580,[-0.5 -0.5  0.1 -0.5]
2584,[-0.5 -0.5  0.1 -0.5]
2588,[-0.5 -0.5  0.1 -0.5]
2592,[-0.5 -0.5  0.1 -0.5]
2596,[-0.5 -0.5 -0.5 -0.5]
2600,[-1. -1. -1. -1.]
2604,[0.1 0.1 0.1 0.1]
2608,[0.1 0.1 0.1 0.1]
2612,[0.1 0.1 0.1 0.1]
2616,[0.1 0.1 0.1 0.1]
2620,[0.1 0.1 0.1 0.1]
2624,[0.1 0.1 0.1 0.1]
2628,[0.1 0.1 0.1 0.1]
2632,[0.1 0.1 0.1 0.1]
2636,[0.1 0.1 0.1 0.1]
2640,[0.1 0.1 0.1 0.1]
2644,[0.1 0.1 0.1 0.1]
2648,[0.1 0.1 0.1 0.1]
2652,[0.1 0.1 0.1 0.1]
2656,[0.1 0.1 0.1 0.1]
2660,[0.1 0.1 0.1 0.1]
2664,[0.1 0.1 0.1 0.1]
2668,[0.1 0.1 0.1 0.1]
2672,[0.1 0.1 0.1 0.1]
2676,[0.1 0.1 0.1 0.1]
2680,[0.1 0.1 0.1 0.1]
2684,[0.1 0.1 0.1 0.1]
2688,[0.1 0.1 0.1 0.1]
2692,[0.1 0.1 0.1 0.1]
2696,[0.1 0.1 0.1 0.1]
2700,[0.1 0.1 0.1 0.1]
2704,[0.1 0.1 0.1 0.1]
2708,[0.1 0.1 0.1 0.1]
2712,[0.1 0.1 0.1 0.1]
2716,[0.1 0.1 0.1 0.1]
2720,[0.1 0.1 0.1 0.1]
2724,[ 0.1  0.1  0.1 -0.5]
2728,[ 0.1  0.1 -0.5 -0.5]
2732,[-0.5  0.1 -0.5 -0.5]
2736,[-0.5  0.1 -0.5 -0.5]
2740,[-0.5  0.1 -0.5 -0.5]
2744,[-0.5  0.1 -0.5 -0.5]
2748,[-0.5  0.1 -0.5 -0.5]
2752,[-0.5 -0.5 -0.5 -0.5]
2756,[-0.5 -0.5 -0.5 -0.5]
2760,[-0.5 -0.5 -0.5 -0.5]
2764,[-0.5 -0.5 -0.5 -0.5]
2768,[-0.5 -0.5 -0.5 -0.5]
2772,[-0.5 -0.5 -0.5 -0.5]
2776,[-0.5 -0.5 -0.5 -0.5]
2780,[-0.5 -0.5 -0.5 -0.5]
2784,[-0.5 -0.5 -0.5 -0.5]
2788,[-0.5 -0.5 -0.5 -0.5]
2792,[-0.5 -0.5 -0.5 -0.5]
2796,[-0.5 -0.5 -0.5 -0.5]
2800,[-1. -1. -1. -1.]
2804,[0.1 0.1 0.1 0.1]
2808,[0.1 0.1 0.1 0.1]
2812,[0.1 0.1 0.1 0.1]
2816,[0.1 0.1 0.1 0.1]
2820,[0.1 0.1 0.1 0.1]
2824,[0.1 0.1 0.1 0.1]
2828,[0.1 0.1 0.1 0.1]
2832,[0.1 0.1 0.1 0.1]
2836,[0.1 0.1 0.1 0.1]
2840,[0.1 0.1 0.1 0.1]
2844,[0.1 0.1 0.1 0.1]
2848,[0.1 0.1 0.1 0.1]
2852,[0.1 0.1 0.1 0.1]
2856,[0.1 0.1 0.1 0.1]
2860,[0.1 0.1 0.1 0.1]
2864,[0.1 0.1 0.1 0.1]
2868,[0.1 0.1 0.1 0.1]
2872,[0.1 0.1 0.1 0.1]
2876,[0.1 0.1 0.1 0.1]
2880,[0.1 0.1 0.1 0.1]
2884,[0.1 0.1 0.1 0.1]
2888,[0.1 0.1 0.1 0.1]
2892,[0.1 0.1 0.1 0.1]
2896,[0.1 0.1 0.1 0.1]
2900,[0.1 0.1 0.1 0.1]
2904,[0.1 0.1 0.1 0.1]
2908,[0.1 0.1 0.1 0.1]
2912,[0.1 0.1 0.1 0.1]
2916,[ 0.1 -0.5  0.1  0.1]
2920,[ 0.1 -0.5  0.1  0.1]
2924,[-0.5 -0.5 -0.5  0.1]
2928,[-0.5 -0.5 -0.5  0.1]
2932,[-0.5 -0.5 -0.5  0.1]
2936,[-0.5 -0.5 -0.5  0.1]
2940,[-0.5 -0.5 -0.5  0.1]
2944,[-0.5 -0.5 -0.5  0.1]
2948,[-0.5 -0.5 -0.5  0.1]
2952,[-0.5 -0.5 -0.5 -0.5]
2956,[-0.5 -0.5 -0.5 -0.5]
2960,[-0.5 -0.5 -0.5 -0.5]
2964,[-0.5 -0.5 -0.5 -0.5]
2968,[-0.5 -0.5 -0.5 -0.5]
2972,[-0.5 -0.5 -0.5 -0.5]
2976,[-0.5 -0.5 -0.5 -0.5]
2980,[-0.5 -0.5 -0.5 -0.5]
2984,[-0.5 -0.5 -0.5 -0.5]
2988,[-0.5 -0.5 -0.5 -0.5]
2992,[-0.5 -0.5 -0.5 -0.5]
2996,[-0.5 -0.5 -0.5 -0.5]
3000,[-1. -1. -1. -1.]
3004,[0.1 0.1 0.1 0.1]
3008,[0.1 0.1 0.1 0.1]
3012,[0.1 0.1 0.1 0.1]
3016,[0.1 0.1 0.1 0.1]
3020,[0.1 0.1 0.1 0.1]
3024,[0.1 0.1 0.1 0.1]
3028,[0.1 0.1 0.1 0.1]
3032,[0.1 0.1 0.1 0.1]
3036,[0.1 0.1 0.1 0.1]
3040,[0.1 0.1 0.1 0.1]
3044,[0.1 0.1 0.1 0.1]
3048,[0.1 0.1 0.1 0.1]
3052,[0.1 0.1 0.1 0.1]
3056,[0.1 0.1 0.1 0.1]
3060,[0.1 0.1 0.1 0.1]
3064,[0.1 0.1 0.1 0.1]
3068,[0.1 0.1 0.1 0.1]
3072,[0.1 0.1 0.1 0.1]
3076,[0.1 0.1 0.1 0.1]
3080,[0.1 0.1 0.1 0.1]
3084,[0.1 0.1 0.1 0.1]
3088,[0.1 0.1 0.1 0.1]
3092,[0.1 0.1 0.1 0.1]
3096,[0.1 0.1 0.1 0.1]
3100,[0.1 0.1 0.1 0.1]
3104,[0.1 0.1 0.1 0.1]
3108,[0.1 0.1 0.1 0.1]
3112,[0.1 0.1 0.1 0.1]
3116,[0.1 0.1 0.1 0.1]
3120,[0.1 0.1 0.1 0.1]
3124,[0.1 0.1 0.1 0.1]
3128,[0.1 0.1 0.1 0.1]
3132,[ 0.1 -0.5 -0.5  0.1]
3136,[-0.5 -0.5 -0.5  0.1]
3140,[-0.5 -0.5 -0.5  0.1]
3144,[-0.5 -0.5 -0.5  0.1]
3148,[-0.5 -0.5 -0.5  0.1]
3152,[-0.5 -0.5 -0.5  0.1]
3156,[-0.5 -0.5 -0.5  0.1]
3160,[-0.5 -0.5 -0.5 -0.5]
3164,[-0.5 -0.5 -0.5 -0.5]
3168,[-0.5 -0.5 -0.5 -0.5]
3172,[-0.5 -0.5 -0.5 -0.5]
3176,[-0.5 -0.5 -0.5 -0.5]
3180,[-0.5 -0.5 -0.5 -0.5]
3184,[-0.5 -0.5 -0.5 -0.5]
3188,[-0.5 -0.5 -0.5 -0.5]
3192,[-0.5 -0.5 -0.5 -0.5]
3196,[-0.5 -0.5 -0.5 -0.5]
3200,[-1. -1. -1. -1.]
3204,[0.1 0.1 0.1 0.1]
3208,[0.1 0.1 0.1 0.1]
3212,[0.1 0.1 0.1 0.1]
3216,[0.1 0.1 0.1 0.1]
3220,[0.1 0.1 0.1 0.1]
3224,[0.1 0.1 0.1 0.1]
3228,[0.1 0.1 0.1 0.1]
3232,[0.1 0.1 0.1 0.1]
3236,[0.1 0.1 0.1 0.1]
3240,[0.1 0.1 0.1 0.1]
3244,[0.1 0.1 0.1 0.1]
3248,[0.1 0.1 0.1 0.1]
3252,[0.1 0.1 0.1 0.1]
3256,[0.1 0.1 0.1 0.1]
3260,[0.1 0.1 0.1 0.1]
3264,[0.1 0.1 0.1 0.1]
3268,[0.1 0.1 0.1 0.1]
3272,[0.1 0.1 0.1 0.1]
3276,[0.1 0.1 0.1 0.1]
3280,[0.1 0.1 0.1 0.1]
3284,[0.1 0.1 0.1 0.1]
3288,[0.1 0.1 0.1 0.1]
3292,[0.1 0.1 0.1 0.1]
3296,[0.1 0.1 0.1 0.1]
3300,[0.1 0.1 0.1 0.1]
3304,[0.1 0.1 0.1 0.1]
3308,[0.1 0.1 0.1 0.1]
3312,[0.1 0.1 0.1 0.1]
3316,[0.1 0.1 0.1 0.1]
3320,[0.1 0.1 0.1 0.1]
3324,[0.1 0.1 0.1 0.1]
3328,[0.1 0.1 0.1 0.1]
3332,[0.1 0.1 0.1 0.1]
3336,[-0.5  0.1  0.1  0.1]
3340,[-0.5  0.1  0.1  0.1]
3344,[-0.5  0.1  0.1  0.1]
3348,[-0.5  0.1 -0.5  0.1]
3352,[-0.5  0.1 -0.5  0.1]
3356,[-0.5  0.1 -0.5  0.1]
3360,[-0.5  0.1 -0.5  0.1]
3364,[-0.5  0.1 -0.5  0.1]
3368,[-0.5  0.1 -0.5  0.1]
3372,[-0.5  0.1 -0.5 -0.5]
3376,[-0.5  0.1 -0.5 -0.5]
3380,[-0.5 -0.5 -0.5 -0.5]
3384,[-0.5 -0.5 -0.5 -0.5]
3388,[-0.5 -0.5 -0.5 -0.5]
3392,[-0.5 -0.5 -0.5 -0.5]
3396,[-0.5 -0.5 -0.5 -0.5]
3400,[-1. -1. -1. -1.]
3404,[0.1 0.1 0.1 0.1]
3408,[0.1 0.1 0.1 0.1]
3412,[0.1 0.1 0.1 0.1]
3416,[0.1 0.1 0.1 0.1]
3420,[0.1 0.1 0.1 0.1]
3424,[0.1 0.1 0.1 0.1]
3428,[0.1 0.1 0.1 0.1]
3432,[0.1 0.1 0.1 0.1]
3436,[0.1 0.1 0.1 0.1]
3440,[0.1 0.1 0.1 0.1]
3444,[0.1 0.1 0.1 0.1]
3448,[0.1 0.1 0.1 0.1]
3452,[0.1 0.1 0.1 0.1]
3456,[0.1 0.1 0.1 0.1]
3460,[0.1 0.1 0.1 0.1]
3464,[0.1 0.1 0.1 0.1]
3468,[0.1 0.1 0.1 0.1]
3472,[0.1 0.1 0.1 0.1]
3476,[0.1 0.1 0.1 0.1]
3480,[0.1 0.1 0.1 0.1]
3484,[0.1 0.1 0.1 0.1]
3488,[0.1 0.1 0.1 0.1]
3492,[0.1 0.1 0.1 0.1]
3496,[0.1 0.1 0.1 0.1]
3500,[0.1 0.1 0.1 0.1]
3504,[0.1 0.1 0.1 0.1]
3508,[0.1 0.1 0.1 0.1]
3512,[0.1 0.1 0.1 0.1]
3516,[0.1 0.1 0.1 0.1]
3520,[0.1 0.1 0.1 0.1]
3524,[0.1 0.1 0.1 0.1]
3528,[0.1 0.1 0.1 0.1]
3532,[0.1 0.1 0.1 0.1]
3536,[0.1 0.1 0.1 0.1]
3540,[0.1 0.1 0.1 0.1]
3544,[0.1 0.1 0.1 0.1]
3548,[ 0.1  0.1 -0.5 -0.5]
3552,[ 0.1  0.1 -0.5 -0.5]
3556,[-0.5  0.1 -0.5 -0.5]
3560,[-0.5  0.1 -0.5 -0.5]
3564,[-0.5  0.1 -0.5 -0.5]
3568,[-0.5 -0.5 -0.5 -0.5]
3572,[-0.5 -0.5 -0.5 -0.5]
3576,[-0.5 -0.5 -0.5 -0.5]
3580,[-0.5 -0.5 -0.5 -0.5]
3584,[-0.5 -0.5 -0.5 -0.5]
3588,[-0.5 -0.5 -0.5 -0.5]
3592,[-0.5 -0.5 -0.5 -0.5]
3596,[-0.5 -0.5 -0.5 -0.5]
3600,[-1. -1. -1. -1.]
3604,[0.1 0.1 0.1 0.1]
3608,[0.1 0.1 0.1 0.1]
3612,[0.1 0.1 0.1 0.1]
3616,[0.1 0.1 0.1 0.1]
3620,[0.1 0.1 0.1 0.1]
3624,[0.1 0.1 0.1 0.1]
3628,[0.1 0.1 0.1 0.1]
3632,[0.1 0.1 0.1 0.1]
3636,[0.1 0.1 0.1 0.1]
3640,[0.1 0.1 0.1 0.1]
3644,[0.1 0.1 0.1 0.1]
3648,[0.1 0.1 0.1 0.1]
3652,[0.1 0.1 0.1 0.1]
3656,[0.1 0.1 0.1 0.1]
3660,[0.1 0.1 0.1 0.1]
3664,[0.1 0.1 0.1 0.1]
3668,[0.1 0.1 0.1 0.1]
3672,[0.1 0.1 0.1 0.1]
3676,[0.1 0.1 0.1 0.1]
3680,[0.1 0.1 0.1 0.1]
3684,[0.1 0.1 0.1 0.1]
3688,[0.1 0.1 0.1 0.1]
3692,[0.1 0.1 0.1 0.1]
3696,[0.1 0.1 0.1 0.1]
3700,[0.1 0.1 0.1 0.1]
3704,[0.1 0.1 0.1 0.1]
3708,[0.1 0.1 0.1 0.1]
3712,[0.1 0.1 0.1 0.1]
3716,[0.1 0.1 0.1 0.1]
3720,[0.1 0.1 0.1 0.1]
3724,[0.1 0.1 0.1 0.1]
3728,[0.1 0.1 0.1 0.1]
3732,[0.1 0.1 0.1 0.1]
3736,[0.1 0.1 0.1 0.1]
3740,[0.1 0.1 0.1 0.1]
3744,[ 0.1  0.1  0.1 -0.5]
3748,[-0.5  0.1  0.1 -0.5]
3752,[-0.5 -0.5 -0.5 -0.5]
3756,[-0.5 -0.5 -0.5 -0.5]
3760,[-0.5 -0.5 -0.5 -0.5]
3764,[-0.5 -0.5 -0.5 -0.5]
3768,[-0.5 -0.5 -0.5 -0.5]
3772,[-0.5 -0.5 -0.5 -0.5]
3776,[-0.5 -0.5 -0.5 -0.5]
3780,[-0.5 -0.5 -0.5 -0.5]
3784,[-0.5 -0.5 -0.5 -0.5]
3788,[-0.5 -0.5 -0.5 -0.5]
3792,[-0.5 -0.5 -0.5 -0.5]
3796,[-0.5 -0.5 -0.5 -0.5]
3800,[-1. -1. -1. -1.]
3804,[0.1 0.1 0.1 0.1]
3808,[0.1 0.1 0.1 0.1]
3812,[0.1 0.1 0.1 0.1]
3816,[0.1 0.1 0.1 0.1]
3820,[0.1 0.1 0.1 0.1]
3824,[0.1 0.1 0.1 0.1]
3828,[0.1 0.1 0.1 0.1]
3832,[0.1 0.1 0.1 0.1]
3836,[0.1 0.1 0.1 0.1]
3840,[0.1 0.1 0.1 0.1]
3844,[0.1 0.1 0.1 0.1]
3848,[0.1 0.1 0.1 0.1]
3852,[0.1 0.1 0.1 0.1]
3856,[0.1 0.1 0.1 0.1]
3860,[0.1 0.1 0.1 0.1]
3864,[0.1 0.1 0.1 0.1]
3868,[0.1 0.1 0.1 0.1]
3872,[0.1 0.1 0.1 0.1]
3876,[0.1 0.1 0.1 0.1]
3880,[0.1 0.1 0.1 0.1]
3884,[0.1 0.1 0.1 0.1]
3888,[0.1 0.1 0.1 0.1]
3892,[0.1 0.1 0.1 0.1]
3896,[0.1 0.1 0.1 0.1]
3900,[0.1 0.1 0.1 0.1]
3904,[0.1 0.1 0.1 0.1]
3908,[0.1 0.1 0.1 0.1]
3912,[0.1 0.1 0.1 0.1]
3916,[0.1 0.1 0.1 0.1]
3920,[ 0.1 -0.5  0.1  0.1]
3924,[ 0.1 -0.5  0.1  0.1]
3928,[ 0.1 -0.5  0.1  0.1]
3932,[ 0.1 -0.5  0.1  0.1]
3936,[ 0.1 -0.5  0.1  0.1]
3940,[ 0.1 -0.5  0.1  0.1]
3944,[ 0.1 -0.5  0.1  0.1]
3948,[ 0.1 -0.5  0.1  0.1]
3952,[ 0.1 -0.5  0.1  0.1]
3956,[ 0.1 -0.5  0.1  0.1]
3960,[ 0.1 -0.5  0.1  0.1]
3964,[ 0.1 -0.5  0.1  0.1]
3968,[-0.5 -0.5  0.1  0.1]
3972,[-0.5 -0.5  0.1  0.1]
3976,[-0.5 -0.5  0.1 -0.5]
3980,[-0.5 -0.5  0.1 -0.5]
3984,[-0.5 -0.5 -0.5 -0.5]
3988,[-0.5 -0.5 -0.5 -0.5]
3992,[-0.5 -0.5 -0.5 -0.5]
3996,[-0.5 -0.5 -0.5 -0.5]
4000,[-1. -1. -1. -1.]
4004,[0.1 0.1 0.1 0.1]
4008,[0.1 0.1 0.1 0.1]
4012,[0.1 0.1 0.1 0.1]
4016,[0.1 0.1 0.1 0.1]
4020,[0.1 0.1 0.1 0.1]
4024,[0.1 0.1 0.1 0.1]
4028,[0.1 0.1 0.1 0.1]
4032,[0.1 0.1 0.1 0.1]
4036,[0.1 0.1 0.1 0.1]
4040,[0.1 0.1 0.1 0.1]
4044,[0.1 0.1 0.1 0.1]
4048,[0.1 0.1 0.1 0.1]
4052,[0.1 0.1 0.1 0.1]
4056,[0.1 0.1 0.1 0.1]
4060,[0.1 0.1 0.1 0.1]
4064,[0.1 0.1 0.1 0.1]
4068,[0.1 0.1 0.1 0.1]
4072,[0.1 0.1 0.1 0.1]
4076,[0.1 0.1 0.1 0.1]
4080,[0.1 0.1 0.1 0.1]
4084,[0.1 0.1 0.1 0.1]
4088,[0.1 0.1 0.1 0.1]
4092,[0.1 0.1 0.1 0.1]
4096,[0.1 0.1 0.1 0.1]
4100,[0.1 0.1 0.1 0.1]
4104,[0.1 0.1 0.1 0.1]
4108,[0.1 0.1 0.1 0.1]
4112,[0.1 0.1 0.1 0.1]
4116,[0.1 0.1 0.1 0.1]
4120,[0.1 0.1 0.1 0.1]
4124,[0.1 0.1 0.1 0.1]
4128,[0.1 0.1 0.1 0.1]
4132,[0.1 0.1 0.1 0.1]
4136,[0.1 0.1 0.1 0.1]
4140,[0.1 0.1 0.1 0.1]
4144,[0.1 0.1 0.1 0.1]
4148,[0.1 0.1 0.1 0.1]
4152,[0.1 0.1 0.1 0.1]
4156,[ 0.1  0.1  0.1 -0.5]
4160,[ 0.1  0.1  0.1 -0.5]
4164,[ 0.1  0.1  0.1 -0.5]
4168,[ 0.1  0.1  0.1 -0.5]
4172,[ 0.1  0.1  0.1 -0.5]
4176,[ 0.1 -0.5  0.1 -0.5]
4180,[ 0.1 -0.5 -0.5 -0.5]
4184,[ 0.1 -0.5 -0.5 -0.5]
4188,[-0.5 -0.5 -0.5 -0.5]
4192,[-0.5 -0.5 -0.5 -0.5]
4196,[-0.5 -0.5 -0.5 -0.5]
4200,[-1. -1. -1. -1.]
4204,[0.1 0.1 0.1 0.1]
4208,[0.1 0.1 0.1 0.1]
4212,[0.1 0.1 0.1 0.1]
4216,[0.1 0.1 0.1 0.1]
4220,[0.1 0.1 0.1 0.1]
4224,[0.1 0.1 0.1 0.1]
4228,[0.1 0.1 0.1 0.1]
4232,[0.1 0.1 0.1 0.1]
4236,[0.1 0.1 0.1 0.1]
4240,[0.1 0.1 0.1 0.1]
4244,[0.1 0.1 0.1 0.1]
4248,[0.1 0.1 0.1 0.1]
4252,[0.1 0.1 0.1 0.1]
4256,[0.1 0.1 0.1 0.1]
4260,[0.1 0.1 0.1 0.1]
4264,[0.1 0.1 0.1 0.1]
4268,[0.1 0.1 0.1 0.1]
4272,[0.1 0.1 0.1 0.1]
4276,[0.1 0.1 0.1 0.1]
4280,[0.1 0.1 0.1 0.1]
4284,[0.1 0.1 0.1 0.1]
4288,[0.1 0.1 0.1 0.1]
4292,[0.1 0.1 0.1 0.1]
4296,[0.1 0.1 0.1 0.1]
4300,[0.1 0.1 0.1 0.1]
4304,[0.1 0.1 0.1 0.1]
4308,[0.1 0.1 0.1 0.1]
4312,[0.1 0.1 0.1 0.1]
4316,[0.1 0.1 0.1 0.1]
4320,[0.1 0.1 0.1 0.1]
4324,[0.1 0.1 0.1 0.1]
4328,[0.1 0.1 0.1 0.1]
4332,[0.1 0.1 0.1 0.1]
4336,[0.1 0.1 0.1 0.1]
4340,[0.1 0.1 0.1 0.1]
4344,[0.1 0.1 0.1 0.1]
4348,[0.1 0.1 0.1 0.1]
4352,[-0.5  0.1  0.1  0.1]
4356,[-0.5  0.1  0.1  0.1]
4360,[-0.5  0.1  0.1  0.1]
4364,[-0.5 -0.5  0.1  0.1]
4368,[-0.5 -0.5  0.1 -0.5]
4372,[-0.5 -0.5  0.1 -0.5]
4376,[-0.5 -0.5  0.1 -0.5]
4380,[-0.5 -0.5  0.1 -0.5]
4384,[-0.5 -0.5  0.1 -0.5]
4388,[-0.5 -0.5  0.1 -0.5]
4392,[-0.5 -0.5  0.1 -0.5]
4396,[-0.5 -0.5  0.1 -0.5]
4400,[-1. -1. -1. -1.]
4404,[0.1 0.1 0.1 0.1]
4408,[0.1 0.1 0.1 0.1]
4412,[0.1 0.1 0.1 0.1]
4416,[0.1 0.1 0.1 0.1]
4420,[0.1 0.1 0.1 0.1]
4424,[0.1 0.1 0.1 0.1]
4428,[0.1 0.1 0.1 0.1]
4432,[0.1 0.1 0.1 0.1]
4436,[0.1 0.1 0.1 0.1]
4440,[0.1 0.1 0.1 0.1]
4444,[0.1 0.1 0.1 0.1]
4448,[0.1 0.1 0.1 0.1]
4452,[0.1 0.1 0.1 0.1]
4456,[0.1 0.1 0.1 0.1]
4460,[0.1 0.1 0.1 0.1]
4464,[0.1 0.1 0.1 0.1]
4468,[0.1 0.1 0.1 0.1]
4472,[0.1 0.1 0.1 0.1]
4476,[0.1 0.1 0.1 0.1]
4480,[0.1 0.1 0.1 0.1]
4484,[0.1 0.1 0.1 0.1]
4488,[0.1 0.1 0.1 0.1]
4492,[0.1 0.1 0.1 0.1]
4496,[0.1 0.1 0.1 0.1]
4500,[0.1 0.1 0.1 0.1]
4504,[0.1 0.1 0.1 0.1]
4508,[0.1 0.1 0.1 0.1]
4512,[0.1 0.1 0.1 0.1]
4516,[0.1 0.1 0.1 0.1]
4520,[0.1 0.1 0.1 0.1]
4524,[0.1 0.1 0.1 0.1]
4528,[0.1 0.1 0.1 0.1]
4532,[0.1 0.1 0.1 0.1]
4536,[ 0.1 -0.5  0.1  0.1]
4540,[ 0.1 -0.5  0.1  0.1]
4544,[ 0.1 -0.5  0.1 -0.5]
4548,[ 0.1 -0.5  0.1 -0.5]
4552,[ 0.1 -0.5  0.1 -0.5]
4556,[ 0.1 -0.5  0.1 -0.5]
4560,[ 0.1 -0.5 -0.5 -0.5]
4564,[ 0.1 -0.5 -0.5 -0.5]
4568,[-0.5 -0.5 -0.5 -0.5]
4572,[-0.5 -0.5 -0.5 -0.5]
4576,[-0.5 -0.5 -0.5 -0.5]
4580,[-0.5 -0.5 -0.5 -0.5]
4584,[-0.5 -0.5 -0.5 -0.5]
4588,[-0.5 -0.5 -0.5 -0.5]
4592,[-0.5 -0.5 -0.5 -0.5]
4596,[-0.5 -0.5 -0.5 -0.5]
4600,[-1. -1. -1. -1.]
4604,[0.1 0.1 0.1 0.1]
4608,[0.1 0.1 0.1 0.1]
4612,[0.1 0.1 0.1 0.1]
4616,[0.1 0.1 0.1 0.1]
4620,[0.1 0.1 0.1 0.1]
4624,[0.1 0.1 0.1 0.1]
4628,[0.1 0.1 0.1 0.1]
4632,[0.1 0.1 0.1 0.1]
4636,[0.1 0.1 0.1 0.1]
4640,[0.1 0.1 0.1 0.1]
4644,[0.1 0.1 0.1 0.1]
4648,[0.1 0.1 0.1 0.1]
4652,[0.1 0.1 0.1 0.1]
4656,[0.1 0.1 0.1 0.1]
4660,[0.1 0.1 0.1 0.1]
4664,[0.1 0.1 0.1 0.1]
4668,[0.1 0.1 0.1 0.1]
4672,[0.1 0.1 0.1 0.1]
4676,[0.1 0.1 0.1 0.1]
4680,[0.1 0.1 0.1 0.1]
4684,[0.1 0.1 0.1 0.1]
4688,[0.1 0.1 0.1 0.1]
4692,[0.1 0.1 0.1 0.1]
4696,[0.1 0.1 0.1 0.1]
4700,[0.1 0.1 0.1 0.1]
4704,[0.1 0.1 0.1 0.1]
4708,[0.1 0.1 0.1 0.1]
4712,[0.1 0.1 0.1 0.1]
4716,[0.1 0.1 0.1 0.1]
4720,[0.1 0.1 0.1 0.1]
4724,[0.1 0.1 0.1 0.1]
4728,[ 0.1 -0.5  0.1  0.1]
4732,[ 0.1 -0.5  0.1  0.1]
4736,[ 0.1 -0.5  0.1  0.1]
4740,[ 0.1 -0.5  0.1  0.1]
4744,[-0.5 -0.5  0.1  0.1]
4748,[-0.5 -0.5  0.1  0.1]
4752,[-0.5 -0.5  0.1  0.1]
4756,[-0.5 -0.5  0.1  0.1]
4760,[-0.5 -0.5  0.1  0.1]
4764,[-0.5 -0.5  0.1  0.1]
4768,[-0.5 -0.5  0.1  0.1]
4772,[-0.5 -0.5  0.1  0.1]
4776,[-0.5 -0.5  0.1  0.1]
4780,[-0.5 -0.5  0.1  0.1]
4784,[-0.5 -0.5 -0.5  0.1]
4788,[-0.5 -0.5 -0.5 -0.5]
4792,[-0.5 -0.5 -0.5 -0.5]
4796,[-0.5 -0.5 -0.5 -0.5]
4800,[-1. -1. -1. -1.]
4804,[0.1 0.1 0.1 0.1]
4808,[0.1 0.1 0.1 0.1]
4812,[0.1 0.1 0.1 0.1]
4816,[0.1 0.1 0.1 0.1]
4820,[0.1 0.1 0.1 0.1]
4824,[0.1 0.1 0.1 0.1]
4828,[0.1 0.1 0.1 0.1]
4832,[0.1 0.1 0.1 0.1]
4836,[0.1 0.1 0.1 0.1]
4840,[0.1 0.1 0.1 0.1]
4844,[0.1 0.1 0.1 0.1]
4848,[0.1 0.1 0.1 0.1]
4852,[0.1 0.1 0.1 0.1]
4856,[0.1 0.1 0.1 0.1]
4860,[0.1 0.1 0.1 0.1]
4864,[0.1 0.1 0.1 0.1]
4868,[0.1 0.1 0.1 0.1]
4872,[0.1 0.1 0.1 0.1]
4876,[0.1 0.1 0.1 0.1]
4880,[0.1 0.1 0.1 0.1]
4884,[0.1 0.1 0.1 0.1]
4888,[0.1 0.1 0.1 0.1]
4892,[0.1 0.1 0.1 0.1]
4896,[0.1 0.1 0.1 0.1]
4900,[0.1 0.1 0.1 0.1]
4904,[0.1 0.1 0.1 0.1]
4908,[0.1 0.1 0.1 0.1]
4912,[0.1 0.1 0.1 0.1]
4916,[0.1 0.1 0.1 0.1]
4920,[0.1 0.1 0.1 0.1]
4924,[0.1 0.1 0.1 0.1]
4928,[0.1 0.1 0.1 0.1]
4932,[0.1 0.1 0.1 0.1]
4936,[0.1 0.1 0.1 0.1]
4940,[0.1 0.1 0.1 0.1]
4944,[ 0.1  0.1  0.1 -0.5]
4948,[ 0.1  0.1  0.1 -0.5]
4952,[ 0.1  0.1  0.1 -0.5]
4956,[ 0.1  0.1  0.1 -0.5]
4960,[ 0.1  0.1  0.1 -0.5]
4964,[ 0.1  0.1 -0.5 -0.5]
4968,[ 0.1  0.1 -0.5 -0.5]
4972,[-0.5  0.1 -0.5 -0.5]
4976,[-0.5  0.1 -0.5 -0.5]
4980,[-0.5  0.1 -0.5 -0.5]
4984,[-0.5  0.1 -0.5 -0.5]
4988,[-0.5  0.1 -0.5 -0.5]
4992,[-0.5  0.1 -0.5 -0.5]
4996,[-0.5  0.1 -0.5 -0.5]
5000,[-1. -1. -1. -1.]
5004,[0.1 0.1 0.1 0.1]
5008,[0.1 0.1 0.1 0.1]
5012,[0.1 0.1 0.1 0.1]
5016,[0.1 0.1 0.1 0.1]
5020,[0.1 0.1 0.1 0.1]
5024,[0.1 0.1 0.1 0.1]
5028,[0.1 0.1 0.1 0.1]
5032,[0.1 0.1 0.1 0.1]
5036,[0.1 0.1 0.1 0.1]
5040,[0.1 0.1 0.1 0.1]
5044,[0.1 0.1 0.1 0.1]
5048,[0.1 0.1 0.1 0.1]
5052,[0.1 0.1 0.1 0.1]
5056,[0.1 0.1 0.1 0.1]
5060,[0.1 0.1 0.1 0.1]
5064,[0.1 0.1 0.1 0.1]
5068,[0.1 0.1 0.1 0.1]
5072,[0.1 0.1 0.1 0.1]
5076,[0.1 0.1 0.1 0.1]
5080,[0.1 0.1 0.1 0.1]
5084,[0.1 0.1 0.1 0.1]
5088,[0.1 0.1 0.1 0.1]
5092,[0.1 0.1 0.1 0.1]
5096,[0.1 0.1 0.1 0.1]
5100,[0.1 0.1 0.1 0.1]
5104,[0.1 0.1 0.1 0.1]
5108,[0.1 0.1 0.1 0.1]
5112,[0.1 0.1 0.1 0.1]
5116,[0.1 0.1 0.1 0.1]
5120,[0.1 0.1 0.1 0.1]
5124,[0.1 0.1 0.1 0.1]
5128,[0.1 0.1 0.1 0.1]
5132,[0.1 0.1 0.1 0.1]
5136,[0.1 0.1 0.1 0.1]
5140,[0.1 0.1 0.1 0.1]
5144,[0.1 0.1 0.1 0.1]
5148,[0.1 0.1 0.1 0.1]
5152,[ 0.1 -0.5  0.1  0.1]
5156,[ 0.1 -0.5  0.1  0.1]
5160,[ 0.1 -0.5  0.1  0.1]
5164,[ 0.1 -0.5  0.1  0.1]
5168,[ 0.1 -0.5 -0.5  0.1]
5172,[ 0.1 -0.5 -0.5 -0.5]
5176,[ 0.1 -0.5 -0.5 -0.5]
5180,[ 0.1 -0.5 -0.5 -0.5]
5184,[-0.5 -0.5 -0.5 -0.5]
5188,[-0.5 -0.5 -0.5 -0.5]
5192,[-0.5  0.1 -0.5 -0.5]
5196,[-0.5  0.1 -0.5 -0.5]
5200,[-1. -1. -1. -1.]
5204,[0.1 0.1 0.1 0.1]
5208,[0.1 0.1 0.1 0.1]
5212,[0.1 0.1 0.1 0.1]
5216,[0.1 0.1 0.1 0.1]
5220,[0.1 0.1 0.1 0.1]
5224,[0.1 0.1 0.1 0.1]
5228,[0.1 0.1 0.1 0.1]
5232,[0.1 0.1 0.1 0.1]
5236,[0.1 0.1 0.1 0.1]
5240,[0.1 0.1 0.1 0.1]
5244,[0.1 0.1 0.1 0.1]
5248,[0.1 0.1 0.1 0.1]
5252,[0.1 0.1 0.1 0.1]
5256,[0.1 0.1 0.1 0.1]
5260,[0.1 0.1 0.1 0.1]
5264,[0.1 0.1 0.1 0.1]
5268,[0.1 0.1 0.1 0.1]
5272,[0.1 0.1 0.1 0.1]
5276,[0.1 0.1 0.1 0.1]
5280,[0.1 0.1 0.1 0.1]
5284,[0.1 0.1 0.1 0.1]
5288,[0.1 0.1 0.1 0.1]
5292,[0.1 0.1 0.1 0.1]
5296,[0.1 0.1 0.1 0.1]
5300,[0.1 0.1 0.1 0.1]
5304,[0.1 0.1 0.1 0.1]
5308,[0.1 0.1 0.1 0.1]
5312,[0.1 0.1 0.1 0.1]
5316,[0.1 0.1 0.1 0.1]
5320,[0.1 0.1 0.1 0.1]
5324,[0.1 0.1 0.1 0.1]
5328,[0.1 0.1 0.1 0.1]
5332,[0.1 0.1 0.1 0.1]
5336,[0.1 0.1 0.1 0.1]
5340,[0.1 0.1 0.1 0.1]
5344,[ 0.1 -0.5  0.1  0.1]
5348,[-0.5 -0.5  0.1  0.1]
5352,[-0.5 -0.5  0.1  0.1]
5356,[-0.5 -0.5  0.1  0.1]
5360,[-0.5 -0.5  0.1  0.1]
5364,[-0.5 -0.5  0.1  0.1]
5368,[-0.5 -0.5  0.1  0.1]
5372,[-0.5 -0.5  0.1  0.1]
5376,[-0.5 -0.5 -0.5  0.1]
5380,[-0.5 -0.5 -0.5  0.1]
5384,[-0.5 -0.5 -0.5  0.1]
5388,[-0.5 -0.5 -0.5  0.1]
5392,[-0.5 -0.5 -0.5  0.1]
5396,[-0.5 -0.5 -0.5  0.1]
5400,[-1. -1. -1. -1.]
5404,[0.1 0.1 0.1 0.1]
5408,[0.1 0.1 0.1 0.1]
5412,[0.1 0.1 0.1 0.1]
5416,[0.1 0.1 0.1 0.1]
5420,[0.1 0.1 0.1 0.1]
5424,[0.1 0.1 0.1 0.1]
5428,[0.1 0.1 0.1 0.1]
5432,[0.1 0.1 0.1 0.1]
5436,[0.1 0.1 0.1 0.1]
5440,[0.1 0.1 0.1 0.1]
5444,[0.1 0.1 0.1 0.1]
5448,[0.1 0.1 0.1 0.1]
5452,[0.1 0.1 0.1 0.1]
5456,[0.1 0.1 0.1 0.1]
5460,[0.1 0.1 0.1 0.1]
5464,[0.1 0.1 0.1 0.1]
5468,[0.1 0.1 0.1 0.1]
5472,[0.1 0.1 0.1 0.1]
5476,[0.1 0.1 0.1 0.1]
5480,[0.1 0.1 0.1 0.1]
5484,[0.1 0.1 0.1 0.1]
5488,[0.1 0.1 0.1 0.1]
5492,[0.1 0.1 0.1 0.1]
5496,[0.1 0.1 0.1 0.1]
5500,[0.1 0.1 0.1 0.1]
5504,[0.1 0.1 0.1 0.1]
5508,[0.1 0.1 0.1 0.1]
5512,[0.1 0.1 0.1 0.1]
5516,[0.1 0.1 0.1 0.1]
5520,[0.1 0.1 0.1 0.1]
5524,[0.1 0.1 0.1 0.1]
5528,[0.1 0.1 0.1 0.1]
5532,[0.1 0.1 0.1 0.1]
5536,[0.1 0.1 0.1 0.1]
5540,[0.1 0.1 0.1 0.1]
5544,[ 0.1  0.1  0.1 -0.5]
5548,[ 0.1  0.1  0.1 -0.5]
5552,[ 0.1  0.1 -0.5 -0.5]
5556,[ 0.1  0.1 -0.5 -0.5]
5560,[ 0.1  0.1 -0.5 -0.5]
5564,[ 0.1  0.1 -0.5 -0.5]
5568,[ 0.1  0.1 -0.5 -0.5]
5572,[ 0.1  0.1 -0.5 -0.5]
5576,[ 0.1  0.1 -0.5 -0.5]
5580,[ 0.1  0.1 -0.5 -0.5]
5584,[ 0.1  0.1 -0.5 -0.5]
5588,[ 0.1  0.1 -0.5 -0.5]
5592,[ 0.1  0.1 -0.5 -0.5]
5596,[ 0.1  0.1 -0.5 -0.5]
5600,[-1. -1. -1. -1.]
5604,[0.1 0.1 0.1 0.1]
5608,[0.1 0.1 0.1 0.1]
5612,[0.1 0.1 0.1 0.1]
5616,[0.1 0.1 0.1 0.1]
5620,[0.1 0.1 0.1 0.1]
5624,[0.1 0.1 0.1 0.1]
5628,[0.1 0.1 0.1 0.1]
5632,[0.1 0.1 0.1 0.1]
5636,[0.1 0.1 0.1 0.1]
5640,[0.1 0.1 0.1 0.1]
5644,[0.1 0.1 0.1 0.1]
5648,[0.1 0.1 0.1 0.1]
5652,[0.1 0.1 0.1 0.1]
5656,[0.1 0.1 0.1 0.1]
5660,[0.1 0.1 0.1 0.1]
5664,[0.1 0.1 0.1 0.1]
5668,[0.1 0.1 0.1 0.1]
5672,[0.1 0.1 0.1 0.1]
5676,[0.1 0.1 0.1 0.1]
5680,[0.1 0.1 0.1 0.1]
5684,[0.1 0.1 0.1 0.1]
5688,[0.1 0.1 0.1 0.1]
5692,[0.1 0.1 0.1 0.1]
5696,[0.1 0.1 0.1 0.1]
5700,[0.1 0.1 0.1 0.1]
5704,[0.1 0.1 0.1 0.1]
5708,[0.1 0.1 0.1 0.1]
5712,[0.1 0.1 0.1 0.1]
5716,[0.1 0.1 0.1 0.1]
5720,[0.1 0.1 0.1 0.1]
5724,[0.1 0.1 0.1 0.1]
5728,[0.1 0.1 0.1 0.1]
5732,[0.1 0.1 0.1 0.1]
5736,[0.1 0.1 0.1 0.1]
5740,[0.1 0.1 0.1 0.1]
5744,[ 0.1  0.1 -0.5  0.1]
5748,[ 0.1  0.1 -0.5  0.1]
5752,[ 0.1  0.1 -0.5  0.1]
5756,[ 0.1  0.1 -0.5  0.1]
5760,[ 0.1  0.1 -0.5  0.1]
5764,[ 0.1  0.1 -0.5  0.1]
5768,[ 0.1  0.1 -0.5  0.1]
5772,[ 0.1  0.1 -0.5  0.1]
5776,[ 0.1  0.1 -0.5  0.1]
5780,[ 0.1  0.1 -0.5  0.1]
5784,[ 0.1  0.1 -0.5  0.1]
5788,[ 0.1  0.1 -0.5  0.1]
5792,[-0.5  0.1 -0.5  0.1]
5796,[-0.5  0.1 -0.5  0.1]
5800,[-1. -1. -1. -1.]
5804,[0.1 0.1 0.1 0.1]
5808,[0.1 0.1 0.1 0.1]
5812,[0.1 0.1 0.1 0.1]
5816,[0.1 0.1 0.1 0.1]
5820,[0.1 0.1 0.1 0.1]
5824,[0.1 0.1 0.1 0.1]
5828,[0.1 0.1 0.1 0.1]
5832,[0.1 0.1 0.1 0.1]
5836,[0.1 0.1 0.1 0.1]
5840,[0.1 0.1 0.1 0.1]
5844,[0.1 0.1 0.1 0.1]
5848,[0.1 0.1 0.1 0.1]
5852,[0.1 0.1 0.1 0.1]
5856,[0.1 0.1 0.1 0.1]
5860,[0.1 0.1 0.1 0.1]
5864,[0.1 0.1 0.1 0.1]
5868,[0.1 0.1 0.1 0.1]
5872,[0.1 0.1 0.1 0.1]
5876,[0.1 0.1 0.1 0.1]
5880,[0.1 0.1 0.1 0.1]
5884,[0.1 0.1 0.1 0.1]
5888,[0.1 0.1 0.1 0.1]
5892,[0.1 0.1 0.1 0.1]
5896,[0.1 0.1 0.1 0.1]
5900,[0.1 0.1 0.1 0.1]
5904,[0.1 0.1 0.1 0.1]
5908,[0.1 0.1 0.1 0.1]
5912,[0.1 0.1 0.1 0.1]
5916,[0.1 0.1 0.1 0.1]
5920,[0.1 0.1 0.1 0.1]
5924,[0.1 0.1 0.1 0.1]
5928,[0.1 0.1 0.1 0.1]
5932,[0.1 0.1 0.1 0.1]
5936,[0.1 0.1 0.1 0.1]
5940,[0.1 0.1 0.1 0.1]
5944,[0.1 0.1 0.1 0.1]
5948,[0.1 0.1 0.1 0.1]
5952,[ 0.1 -0.5  0.1  0.1]
5956,[ 0.1 -0.5  0.1  0.1]
5960,[ 0.1 -0.5  0.1  0.1]
5964,[ 0.1 -0.5 -0.5  0.1]
5968,[-0.5 -0.5 -0.5  0.1]
5972,[-0.5 -0.5 -0.5  0.1]
5976,[-0.5 -0.5 -0.5  0.1]
5980,[-0.5 -0.5 -0.5  0.1]
5984,[-0.5 -0.5 -0.5  0.1]
5988,[-0.5 -0.5 -0.5  0.1]
5992,[-0.5 -0.5 -0.5  0.1]
5996,[-0.5 -0.5 -0.5  0.1]
6000,[-1. -1. -1. -1.]
6004,[0.1 0.1 0.1 0.1]
6008,[0.1 0.1 0.1 0.1]
6012,[0.1 0.1 0.1 0.1]
6016,[0.1 0.1 0.1 0.1]
6020,[0.1 0.1 0.1 0.1]
6024,[0.1 0.1 0.1 0.1]
6028,[0.1 0.1 0.1 0.1]
6032,[0.1 0.1 0.1 0.1]
6036,[0.1 0.1 0.1 0.1]
6040,[0.1 0.1 0.1 0.1]
6044,[0.1 0.1 0.1 0.1]
6048,[0.1 0.1 0.1 0.1]
6052,[0.1 0.1 0.1 0.1]
6056,[0.1 0.1 0.1 0.1]
6060,[0.1 0.1 0.1 0.1]
6064,[0.1 0.1 0.1 0.1]
6068,[0.1 0.1 0.1 0.1]
6072,[0.1 0.1 0.1 0.1]
6076,[0.1 0.1 0.1 0.1]
6080,[0.1 0.1 0.1 0.1]
6084,[0.1 0.1 0.1 0.1]
6088,[0.1 0.1 0.1 0.1]
6092,[0.1 0.1 0.1 0.1]
6096,[0.1 0.1 0.1 0.1]
6100,[0.1 0.1 0.1 0.1]
6104,[0.1 0.1 0.1 0.1]
6108,[0.1 0.1 0.1 0.1]
6112,[0.1 0.1 0.1 0.1]
6116,[0.1 0.1 0.1 0.1]
6120,[0.1 0.1 0.1 0.1]
6124,[0.1 0.1 0.1 0.1]
6128,[0.1 0.1 0.1 0.1]
6132,[0.1 0.1 0.1 0.1]
6136,[0.1 0.1 0.1 0.1]
6140,[0.1 0.1 0.1 0.1]
6144,[0.1 0.1 0.1 0.1]
6148,[0.1 0.1 0.1 0.1]
6152,[0.1 0.1 0.1 0.1]
6156,[0.1 0.1 0.1 0.1]
6160,[0.1 0.1 0.1 0.1]
6164,[ 0.1  0.1  0.1 -0.5]
6168,[ 0.1  0.1  0.1 -0.5]
6172,[ 0.1  0.1  0.1 -0.5]
6176,[ 0.1  0.1  0.1 -0.5]
6180,[ 0.1  0.1  0.1 -0.5]
6184,[ 0.1  0.1  0.1 -0.5]
6188,[ 0.1  0.1  0.1 -0.5]
6192,[ 0.1  0.1  0.1 -0.5]
6196,[ 0.1  0.1 -0.5 -0.5]
6200,[-1. -1. -1. -1.]
6204,[0.1 0.1 0.1 0.1]
6208,[0.1 0.1 0.1 0.1]
6212,[0.1 0.1 0.1 0.1]
6216,[0.1 0.1 0.1 0.1]
6220,[0.1 0.1 0.1 0.1]
6224,[0.1 0.1 0.1 0.1]
6228,[0.1 0.1 0.1 0.1]
6232,[0.1 0.1 0.1 0.1]
6236,[0.1 0.1 0.1 0.1]
6240,[0.1 0.1 0.1 0.1]
6244,[0.1 0.1 0.1 0.1]
6248,[0.1 0.1 0.1 0.1]
6252,[0.1 0.1 0.1 0.1]
6256,[0.1 0.1 0.1 0.1]
6260,[0.1 0.1 0.1 0.1]
6264,[0.1 0.1 0.1 0.1]
6268,[0.1 0.1 0.1 0.1]
6272,[0.1 0.1 0.1 0.1]
6276,[0.1 0.1 0.1 0.1]
6280,[0.1 0.1 0.1 0.1]
6284,[0.1 0.1 0.1 0.1]
6288,[0.1 0.1 0.1 0.1]
6292,[0.1 0.1 0.1 0.1]
6296,[0.1 0.1 0.1 0.1]
6300,[0.1 0.1 0.1 0.1]
6304,[0.1 0.1 0.1 0.1]
6308,[0.1 0.1 0.1 0.1]
6312,[0.1 0.1 0.1 0.1]
6316,[0.1 0.1 0.1 0.1]
6320,[0.1 0.1 0.1 0.1]
6324,[0.1 0.1 0.1 0.1]
6328,[0.1 0.1 0.1 0.1]
6332,[0.1 0.1 0.1 0.1]
6336,[0.1 0.1 0.1 0.1]
6340,[0.1 0.1 0.1 0.1]
6344,[0.1 0.1 0.1 0.1]
6348,[0.1 0.1 0.1 0.1]
6352,[0.1 0.1 0.1 0.1]
6356,[0.1 0.1 0.1 0.1]
6360,[0.1 0.1 0.1 0.1]
6364,[ 0.1  0.1 -0.5  0.1]
6368,[ 0.1  0.1 -0.5  0.1]
6372,[ 0.1  0.1 -0.5  0.1]
6376,[ 0.1  0.1 -0.5  0.1]
6380,[ 0.1  0.1 -0.5  0.1]
6384,[ 0.1  0.1 -0.5  0.1]
6388,[ 0.1  0.1 -0.5  0.1]
6392,[ 0.1  0.1 -0.5  0.1]
6396,[ 0.1  0.1 -0.5  0.1]
6400,[-1. -1. -1. -1.]
6404,[0.1 0.1 0.1 0.1]
6408,[0.1 0.1 0.1 0.1]
6412,[0.1 0.1 0.1 0.1]
6416,[0.1 0.1 0.1 0.1]
6420,[0.1 0.1 0.1 0.1]
6424,[0.1 0.1 0.1 0.1]
6428,[0.1 0.1 0.1 0.1]
6432,[0.1 0.1 0.1 0.1]
6436,[0.1 0.1 0.1 0.1]
6440,[0.1 0.1 0.1 0.1]
6444,[0.1 0.1 0.1 0.1]
6448,[0.1 0.1 0.1 0.1]
6452,[0.1 0.1 0.1 0.1]
6456,[0.1 0.1 0.1 0.1]
6460,[0.1 0.1 0.1 0.1]
6464,[0.1 0.1 0.1 0.1]
6468,[0.1 0.1 0.1 0.1]
6472,[0.1 0.1 0.1 0.1]
6476,[0.1 0.1 0.1 0.1]
6480,[0.1 0.1 0.1 0.1]
6484,[0.1 0.1 0.1 0.1]
6488,[0.1 0.1 0.1 0.1]
6492,[0.1 0.1 0.1 0.1]
6496,[0.1 0.1 0.1 0.1]
6500,[0.1 0.1 0.1 0.1]
6504,[0.1 0.1 0.1 0.1]
6508,[0.1 0.1 0.1 0.1]
6512,[0.1 0.1 0.1 0.1]
6516,[0.1 0.1 0.1 0.1]
6520,[0.1 0.1 0.1 0.1]
6524,[0.1 0.1 0.1 0.1]
6528,[0.1 0.1 0.1 0.1]
6532,[0.1 0.1 0.1 0.1]
6536,[0.1 0.1 0.1 0.1]
6540,[0.1 0.1 0.1 0.1]
6544,[0.1 0.1 0.1 0.1]
6548,[0.1 0.1 0.1 0.1]
6552,[0.1 0.1 0.1 0.1]
6556,[0.1 0.1 0.1 0.1]
6560,[0.1 0.1 0.1 0.1]
6564,[0.1 0.1 0.1 0.1]
6568,[0.1 0.1 0.1 0.1]
6572,[ 0.1  0.1  0.1 -0.5]
6576,[ 0.1  0.1  0.1 -0.5]
6580,[ 0.1  0.1  0.1 -0.5]
6584,[ 0.1  0.1  0.1 -0.5]
6588,[ 0.1  0.1  0.1 -0.5]
6592,[ 0.1  0.1  0.1 -0.5]
6596,[ 0.1  0.1  0.1 -0.5]
6600,[-1. -1. -1. -1.]
6604,[0.1 0.1 0.1 0.1]
6608,[0.1 0.1 0.1 0.1]
6612,[0.1 0.1 0.1 0.1]
6616,[0.1 0.1 0.1 0.1]
6620,[0.1 0.1 0.1 0.1]
6624,[0.1 0.1 0.1 0.1]
6628,[0.1 0.1 0.1 0.1]
6632,[0.1 0.1 0.1 0.1]
6636,[0.1 0.1 0.1 0.1]
6640,[0.1 0.1 0.1 0.1]
6644,[0.1 0.1 0.1 0.1]
6648,[0.1 0.1 0.1 0.1]
6652,[0.1 0.1 0.1 0.1]
6656,[0.1 0.1 0.1 0.1]
6660,[0.1 0.1 0.1 0.1]
6664,[0.1 0.1 0.1 0.1]
6668,[0.1 0.1 0.1 0.1]
6672,[0.1 0.1 0.1 0.1]
6676,[0.1 0.1 0.1 0.1]
6680,[0.1 0.1 0.1 0.1]
6684,[0.1 0.1 0.1 0.1]
6688,[0.1 0.1 0.1 0.1]
6692,[0.1 0.1 0.1 0.1]
6696,[0.1 0.1 0.1 0.1]
6700,[0.1 0.1 0.1 0.1]
6704,[0.1 0.1 0.1 0.1]
6708,[0.1 0.1 0.1 0.1]
6712,[0.1 0.1 0.1 0.1]
6716,[0.1 0.1 0.1 0.1]
6720,[0.1 0.1 0.1 0.1]
6724,[0.1 0.1 0.1 0.1]
6728,[0.1 0.1 0.1 0.1]
6732,[0.1 0.1 0.1 0.1]
6736,[0.1 0.1 0.1 0.1]
6740,[0.1 0.1 0.1 0.1]
6744,[0.1 0.1 0.1 0.1]
6748,[0.1 0.1 0.1 0.1]
6752,[0.1 0.1 0.1 0.1]
6756,[ 0.1  0.1  0.1 -0.5]
6760,[ 0.1  0.1  0.1 -0.5]
6764,[ 0.1  0.1 -0.5 -0.5]
6768,[ 0.1  0.1 -0.5 -0.5]
6772,[ 0.1  0.1 -0.5 -0.5]
6776,[ 0.1  0.1 -0.5 -0.5]
6780,[ 0.1  0.1 -0.5 -0.5]
6784,[ 0.1  0.1 -0.5 -0.5]
6788,[ 0.1  0.1 -0.5 -0.5]
6792,[ 0.1  0.1 -0.5 -0.5]
6796,[ 0.1  0.1 -0.5 -0.5]
6800,[-1. -1. -1. -1.]
6804,[0.1 0.1 0.1 0.1]
6808,[0.1 0.1 0.1 0.1]
6812,[0.1 0.1 0.1 0.1]
6816,[0.1 0.1 0.1 0.1]
6820,[0.1 0.1 0.1 0.1]
6824,[0.1 0.1 0.1 0.1]
6828,[0.1 0.1 0.1 0.1]
6832,[0.1 0.1 0.1 0.1]
6836,[0.1 0.1 0.1 0.1]
6840,[0.1 0.1 0.1 0.1]
6844,[0.1 0.1 0.1 0.1]
6848,[0.1 0.1 0.1 0.1]
6852,[0.1 0.1 0.1 0.1]
6856,[0.1 0.1 0.1 0.1]
6860,[0.1 0.1 0.1 0.1]
6864,[0.1 0.1 0.1 0.1]
6868,[0.1 0.1 0.1 0.1]
6872,[0.1 0.1 0.1 0.1]
6876,[0.1 0.1 0.1 0.1]
6880,[0.1 0.1 0.1 0.1]
6884,[0.1 0.1 0.1 0.1]
6888,[0.1 0.1 0.1 0.1]
6892,[0.1 0.1 0.1 0.1]
6896,[0.1 0.1 0.1 0.1]
6900,[0.1 0.1 0.1 0.1]
6904,[0.1 0.1 0.1 0.1]
6908,[0.1 0.1 0.1 0.1]
6912,[0.1 0.1 0.1 0.1]
6916,[0.1 0.1 0.1 0.1]
6920,[0.1 0.1 0.1 0.1]
6924,[0.1 0.1 0.1 0.1]
6928,[0.1 0.1 0.1 0.1]
6932,[0.1 0.1 0.1 0.1]
6936,[0.1 0.1 0.1 0.1]
6940,[0.1 0.1 0.1 0.1]
6944,[0.1 0.1 0.1 0.1]
6948,[0.1 0.1 0.1 0.1]
6952,[0.1 0.1 0.1 0.1]
6956,[0.1 0.1 0.1 0.1]
6960,[0.1 0.1 0.1 0.1]
6964,[ 0.1  0.1 -0.5  0.1]
6968,[ 0.1  0.1 -0.5  0.1]
6972,[ 0.1  0.1 -0.5  0.1]
6976,[ 0.1  0.1 -0.5  0.1]
6980,[ 0.1  0.1 -0.5 -0.5]
6984,[ 0.1  0.1 -0.5 -0.5]
6988,[ 0.1  0.1 -0.5 -0.5]
6992,[ 0.1  0.1 -0.5 -0.5]
6996,[ 0.1  0.1 -0.5 -0.5]
7000,[-1. -1. -1. -1.]
7004,[0.1 0.1 0.1 0.1]
7008,[0.1 0.1 0.1 0.1]
7012,[0.1 0.1 0.1 0.1]
7016,[0.1 0.1 0.1 0.1]
7020,[0.1 0.1 0.1 0.1]
7024,[0.1 0.1 0.1 0.1]
7028,[0.1 0.1 0.1 0.1]
7032,[0.1 0.1 0.1 0.1]
7036,[0.1 0.1 0.1 0.1]
7040,[0.1 0.1 0.1 0.1]
7044,[0.1 0.1 0.1 0.1]
7048,[0.1 0.1 0.1 0.1]
7052,[0.1 0.1 0.1 0.1]
7056,[0.1 0.1 0.1 0.1]
7060,[0.1 0.1 0.1 0.1]
7064,[0.1 0.1 0.1 0.1]
7068,[0.1 0.1 0.1 0.1]
7072,[0.1 0.1 0.1 0.1]
7076,[0.1 0.1 0.1 0.1]
7080,[0.1 0.1 0.1 0.1]
7084,[0.1 0.1 0.1 0.1]
7088,[0.1 0.1 0.1 0.1]
7092,[0.1 0.1 0.1 0.1]
7096,[0.1 0.1 0.1 0.1]
7100,[0.1 0.1 0.1 0.1]
7104,[0.1 0.1 0.1 0.1]
7108,[0.1 0.1 0.1 0.1]
7112,[0.1 0.1 0.1 0.1]
7116,[0.1 0.1 0.1 0.1]
7120,[0.1 0.1 0.1 0.1]
7124,[0.1 0.1 0.1 0.1]
7128,[0.1 0.1 0.1 0.1]
7132,[0.1 0.1 0.1 0.1]
7136,[0.1 0.1 0.1 0.1]
7140,[-0.5  0.1  0.1  0.1]
7144,[-0.5  0.1  0.1  0.1]
7148,[-0.5  0.1  0.1  0.1]
7152,[-0.5  0.1  0.1  0.1]
7156,[-0.5  0.1  0.1  0.1]
7160,[-0.5  0.1  0.1  0.1]
7164,[-0.5 -0.5  0.1  0.1]
7168,[-0.5 -0.5  0.1  0.1]
7172,[-0.5 -0.5  0.1  0.1]
7176,[-0.5 -0.5  0.1  0.1]
7180,[-0.5 -0.5  0.1  0.1]
7184,[-0.5 -0.5  0.1  0.1]
7188,[-0.5 -0.5  0.1  0.1]
7192,[-0.5 -0.5  0.1  0.1]
7196,[-0.5 -0.5  0.1  0.1]
7200,[-1. -1. -1. -1.]
7204,[0.1 0.1 0.1 0.1]
7208,[0.1 0.1 0.1 0.1]
7212,[0.1 0.1 0.1 0.1]
7216,[0.1 0.1 0.1 0.1]
7220,[0.1 0.1 0.1 0.1]
7224,[0.1 0.1 0.1 0.1]
7228,[0.1 0.1 0.1 0.1]
7232,[0.1 0.1 0.1 0.1]
7236,[0.1 0.1 0.1 0.1]
7240,[0.1 0.1 0.1 0.1]
7244,[0.1 0.1 0.1 0.1]
7248,[0.1 0.1 0.1 0.1]
7252,[0.1 0.1 0.1 0.1]
7256,[0.1 0.1 0.1 0.1]
7260,[0.1 0.1 0.1 0.1]
7264,[0.1 0.1 0.1 0.1]
7268,[0.1 0.1 0.1 0.1]
7272,[0.1 0.1 0.1 0.1]
7276,[0.1 0.1 0.1 0.1]
7280,[0.1 0.1 0.1 0.1]
7284,[0.1 0.1 0.1 0.1]
7288,[0.1 0.1 0.1 0.1]
7292,[0.1 0.1 0.1 0.1]
7296,[0.1 0.1 0.1 0.1]
7300,[0.1 0.1 0.1 0.1]
7304,[0.1 0.1 0.1 0.1]
7308,[0.1 0.1 0.1 0.1]
7312,[0.1 0.1 0.1 0.1]
7316,[0.1 0.1 0.1 0.1]
7320,[0.1 0.1 0.1 0.1]
7324,[0.1 0.1 0.1 0.1]
7328,[0.1 0.1 0.1 0.1]
7332,[0.1 0.1 0.1 0.1]
7336,[0.1 0.1 0.1 0.1]
7340,[0.1 0.1 0.1 0.1]
7344,[0.1 0.1 0.1 0.1]
7348,[0.1 0.1 0.1 0.1]
7352,[0.1 0.1 0.1 0.1]
7356,[0.1 0.1 0.1 0.1]
7360,[0.1 0.1 0.1 0.1]
7364,[0.1 0.1 0.1 0.1]
7368,[0.1 0.1 0.1 0.1]
7372,[0.1 0.1 0.1 0.1]
7376,[0.1 0.1 0.1 0.1]
7380,[0.1 0.1 0.1 0.1]
7384,[0.1 0.1 0.1 0.1]
7388,[0.1 0.1 0.1 0.1]
7392,[0.1 0.1 0.1 0.1]
7396,[0.1 0.1 0.1 0.1]
7400,[-1.   0.1  0.1 -1. ]
7404,[0.1 0.1 0.1 0.1]
7408,[0.1 0.1 0.1 0.1]
7412,[ 0.1  0.1 -1.   0.1]
7416,[0.1 0.1 0.1 0.1]
7420,[ 0.1 -1.   0.1  0.1]
7424,[0.1 0.1 0.1 0.1]
7428,[0.1 0.1 0.1 0.1]
7432,[0.1 0.1 0.1 0.1]
7436,[0.1 0.1 0.1 0.1]
7440,[0.1 0.1 0.1 0.1]
7444,[0.1 0.1 0.1 0.1]
7448,[0.1 0.1 0.1 0.1]
7452,[0.1 0.1 0.1 0.1]
7456,[0.1 0.1 0.1 0.1]
7460,[0.1 0.1 0.1 0.1]
7464,[0.1 0.1 0.1 0.1]
7468,[0.1 0.1 0.1 0.1]
7472,[0.1 0.1 0.1 0.1]
7476,[0.1 0.1 0.1 0.1]
7480,[0.1 0.1 0.1 0.1]
7484,[0.1 0.1 0.1 0.1]
7488,[0.1 0.1 0.1 0.1]
7492,[0.1 0.1 0.1 0.1]
7496,[0.1 0.1 0.1 0.1]
7500,[0.1 0.1 0.1 0.1]
7504,[0.1 0.1 0.1 0.1]
7508,[0.1 0.1 0.1 0.1]
7512,[0.1 0.1 0.1 0.1]
7516,[0.1 0.1 0.1 0.1]
7520,[0.1 0.1 0.1 0.1]
7524,[-1.   0.1  0.1  0.1]
7528,[0.1 0.1 0.1 0.1]
7532,[0.1 0.1 0.1 0.1]
7536,[0.1 0.1 0.1 0.1]
7540,[0.1 0.1 0.1 0.1]
7544,[0.1 0.1 0.1 0.1]
7548,[0.1 0.1 0.1 0.1]
7552,[0.1 0.1 0.1 0.1]
7556,[0.1 0.1 0.1 0.1]
7560,[0.1 0.1 0.1 0.1]
7564,[0.1 0.1 0.1 0.1]
7568,[0.1 0.1 0.1 0.1]
7572,[0.1 0.1 0.1 0.1]
7576,[0.1 0.1 0.1 0.1]
7580,[0.1 0.1 0.1 0.1]
7584,[0.1 0.1 0.1 0.1]
7588,[0.1 0.1 0.1 0.1]
7592,[0.1 0.1 0.1 0.1]
7596,[0.1 0.1 0.1 0.1]
7600,[ 0.1  0.1  0.1 -1. ]
7604,[0.1 0.1 0.1 0.1]
7608,[0.1 0.1 0.1 0.1]
7612,[ 0.1  0.1 -1.   0.1]
7616,[0.1 0.1 0.1 0.1]
7620,[ 0.1 -1.   0.1  0.1]
7624,[0.1 0.1 0.1 0.1]
7628,[0.1 0.1 0.1 0.1]
7632,[0.1 0.1 0.1 0.1]
7636,[0.1 0.1 0.1 0.1]
7640,[0.1 0.1 0.1 0.1]
7644,[0.1 0.1 0.1 0.1]
7648,[0.1 0.1 0.1 0.1]
7652,[0.1 0.1 0.1 0.1]
7656,[0.1 0.1 0.1 0.1]
7660,[0.1 0.1 0.1 0.1]
7664,[0.1 0.1 0.1 0.1]
7668,[0.1 0.1 0.1 0.1]
7672,[0.1 0.1 0.1 0.1]
7676,[0.1 0.1 0.1 0.1]
7680,[0.1 0.1 0.1 0.1]
7684,[0.1 0.1 0.1 0.1]
7688,[0.1 0.1 0.1 0.1]
7692,[0.1 0.1 0.1 0.1]
7696,[0.1 0.1 0.1 0.1]
7700,[0.1 0.1 0.1 0.1]
7704,[0.1 0.1 0.1 0.1]
7708,[0.1 0.1 0.1 0.1]
7712,[0.1 0.1 0.1 0.1]
7716,[0.1 0.1 0.1 0.1]
7720,[0.1 0.1 0.1 0.1]
7724,[-1.   0.1  0.1  0.1]
7728,[0.1 0.1 0.1 0.1]
7732,[0.1 0.1 0.1 0.1]
7736,[0.1 0.1 0.1 0.1]
7740,[0.1 0.1 0.1 0.1]
7744,[0.1 0.1 0.1 0.1]
7748,[0.1 0.1 0.1 0.1]
7752,[0.1 0.1 0.1 0.1]
7756,[0.1 0.1 0.1 0.1]
7760,[0.1 0.1 0.1 0.1]
7764,[0.1 0.1 0.1 0.1]
7768,[ 0.1  0.1 -0.5  0.1]
7772,[ 0.1  0.1 -0.5  0.1]
7776,[ 0.1  0.1 -0.5  0.1]
7780,[ 0.1  0.1 -0.5  0.1]
7784,[ 0.1  0.1 -0.5  0.1]
7788,[ 0.1  0.1 -0.5  0.1]
7792,[ 0.1  0.1 -0.5  0.1]
7796,[ 0.1  0.1 -0.5  0.1]
7800,[ 0.1  0.1 -0.5 -1. ]
7804,[ 0.1  0.1 -0.5  0.1]
7808,[ 0.1  0.1 -0.5  0.1]
7812,[ 0.1  0.1 -1.   0.1]
7816,[0.1 0.1 0.1 0.1]
7820,[ 0.1 -1.   0.1  0.1]
7824,[0.1 0.1 0.1 0.1]
7828,[0.1 0.1 0.1 0.1]
7832,[0.1 0.1 0.1 0.1]
7836,[0.1 0.1 0.1 0.1]
7840,[0.1 0.1 0.1 0.1]
7844,[0.1 0.1 0.1 0.1]
7848,[0.1 0.1 0.1 0.1]
7852,[0.1 0.1 0.1 0.1]
7856,[0.1 0.1 0.1 0.1]
7860,[0.1 0.1 0.1 0.1]
7864,[0.1 0.1 0.1 0.1]
7868,[0.1 0.1 0.1 0.1]
7872,[0.1 0.1 0.1 0.1]
7876,[0.1 0.1 0.1 0.1]
7880,[0.1 0.1 0.1 0.1]
7884,[0.1 0.1 0.1 0.1]
7888,[0.1 0.1 0.1 0.1]
7892,[0.1 0.1 0.1 0.1]
7896,[0.1 0.1 0.1 0.1]
7900,[0.1 0.1 0.1 0.1]
7904,[0.1 0.1 0.1 0.1]
7908,[0.1 0.1 0.1 0.1]
7912,[0.1 0.1 0.1 0.1]
7916,[0.1 0.1 0.1 0.1]
7920,[0.1 0.1 0.1 0.1]
7924,[-1.   0.1  0.1  0.1]
7928,[0.1 0.1 0.1 0.1]
7932,[0.1 0.1 0.1 0.1]
7936,[0.1 0.1 0.1 0.1]
7940,[0.1 0.1 0.1 0.1]
7944,[0.1 0.1 0.1 0.1]
7948,[0.1 0.1 0.1 0.1]
7952,[0.1 0.1 0.1 0.1]
7956,[0.1 0.1 0.1 0.1]
7960,[0.1 0.1 0.1 0.1]
7964,[0.1 0.1 0.1 0.1]
7968,[0.1 0.1 0.1 0.1]
7972,[0.1 0.1 0.1 0.1]
7976,[0.1 0.1 0.1 0.1]
7980,[0.1 0.1 0.1 0.1]
7984,[0.1 0.1 0.1 0.1]
7988,[0.1 0.1 0.1 0.1]
7992,[0.1 0.1 0.1 0.1]
7996,[0.1 0.1 0.1 0.1]
8000,[0.1 0.1 0.1 0.1]
8004,[0.1 0.1 0.1 0.1]
8008,[0.1 0.1 0.1 0.1]
8012,[ 0.1  0.1 -1.   0.1]
8016,[0.1 0.1 0.1 0.1]
8020,[ 0.1 -1.   0.1 -1. ]
8024,[0.1 0.1 0.1 0.1]
8028,[0.1 0.1 0.1 0.1]
8032,[0.1 0.1 0.1 0.1]
8036,[0.1 0.1 0.1 0.1]
8040,[0.1 0.1 0.1 0.1]
8044,[0.1 0.1 0.1 0.1]
8048,[0.1 0.1 0.1 0.1]
8052,[0.1 0.1 0.1 0.1]
8056,[0.1 0.1 0.1 0.1]
8060,[0.1 0.1 0.1 0.1]
8064,[0.1 0.1 0.1 0.1]
8068,[0.1 0.1 0.1 0.1]
8072,[0.1 0.1 0.1 0.1]
8076,[0.1 0.1 0.1 0.1]
8080,[0.1 0.1 0.1 0.1]
8084,[0.1 0.1 0.1 0.1]
8088,[0.1 0.1 0.1 0.1]
8092,[0.1 0.1 0.1 0.1]
8096,[0.1 0.1 0.1 0.1]
8100,[0.1 0.1 0.1 0.1]
8104,[0.1 0.1 0.1 0.1]
8108,[0.1 0.1 0.1 0.1]
8112,[0.1 0.1 0.1 0.1]
8116,[0.1 0.1 0.1 0.1]
8120,[0.1 0.1 0.1 0.1]
8124,[-1.   0.1  0.1  0.1]
8128,[0.1 0.1 0.1 0.1]
8132,[0.1 0.1 0.1 0.1]
8136,[0.1 0.1 0.1 0.1]
8140,[0.1 0.1 0.1 0.1]
8144,[0.1 0.1 0.1 0.1]
8148,[0.1 0.1 0.1 0.1]
8152,[0.1 0.1 0.1 0.1]
8156,[0.1 0.1 0.1 0.1]
8160,[0.1 0.1 0.1 0.1]
8164,[0.1 0.1 0.1 0.1]
8168,[0.1 0.1 0.1 0.1]
8172,[0.1 0.1 0.1 0.1]
8176,[0.1 0.1 0.1 0.1]
8180,[0.1 0.1 0.1 0.1]
8184,[0.1 0.1 0.1 0.1]
8188,[0.1 0.1 0.1 0.1]
8192,[0.1 0.1 0.1 0.1]
8196,[0.1 0.1 0.1 0.1]
8200,[0.1 0.1 0.1 0.1]
8204,[ 0.1  0.1 -0.5  0.1]
8208,[ 0.1  0.1 -0.5  0.1]
8212,[ 0.1  0.1 -1.   0.1]
8216,[0.1 0.1 0.1 0.1]
8220,[ 0.1 -1.   0.1 -1. ]
8224,[0.1 0.1 0.1 0.1]
8228,[0.1 0.1 0.1 0.1]
8232,[0.1 0.1 0.1 0.1]
8236,[0.1 0.1 0.1 0.1]
8240,[0.1 0.1 0.1 0.1]
8244,[0.1 0.1 0.1 0.1]
8248,[0.1 0.1 0.1 0.1]
8252,[0.1 0.1 0.1 0.1]
8256,[0.1 0.1 0.1 0.1]
8260,[0.1 0.1 0.1 0.1]
8264,[0.1 0.1 0.1 0.1]
8268,[0.1 0.1 0.1 0.1]
8272,[0.1 0.1 0.1 0.1]
8276,[0.1 0.1 0.1 0.1]
8280,[0.1 0.1 0.1 0.1]
8284,[0.1 0.1 0.1 0.1]
8288,[0.1 0.1 0.1 0.1]
8292,[0.1 0.1 0.1 0.1]
8296,[0.1 0.1 0.1 0.1]
8300,[0.1 0.1 0.1 0.1]
8304,[0.1 0.1 0.1 0.1]
8308,[0.1 0.1 0.1 0.1]
8312,[0.1 0.1 0.1 0.1]
8316,[0.1 0.1 0.1 0.1]
8320,[0.1 0.1 0.1 0.1]
8324,[-1.   0.1  0.1  0.1]
8328,[0.1 0.1 0.1 0.1]
8332,[0.1 0.1 0.1 0.1]
8336,[0.1 0.1 0.1 0.1]
8340,[0.1 0.1 0.1 0.1]
8344,[0.1 0.1 0.1 0.1]
8348,[0.1 0.1 0.1 0.1]
8352,[0.1 0.1 0.1 0.1]
8356,[0.1 0.1 0.1 0.1]
8360,[0.1 0.1 0.1 0.1]
8364,[0.1 0.1 0.1 0.1]
8368,[0.1 0.1 0.1 0.1]
8372,[0.1 0.1 0.1 0.1]
8376,[0.1 0.1 0.1 0.1]
8380,[0.1 0.1 0.1 0.1]
8384,[0.1 0.1 0.1 0.1]
8388,[0.1 0.1 0.1 0.1]
8392,[0.1 0.1 0.1 0.1]
8396,[ 0.1  0.1  0.1 -1. ]
8400,[0.1 0.1 0.1 0.1]
8404,[0.1 0.1 0.1 0.1]
8408,[0.1 0.1 0.1 0.1]
8412,[ 0.1  0.1 -1.   0.1]
8416,[0.1 0.1 0.1 0.1]
8420,[ 0.1 -1.   0.1  0.1]
8424,[0.1 0.1 0.1 0.1]
8428,[0.1 0.1 0.1 0.1]
8432,[0.1 0.1 0.1 0.1]
8436,[0.1 0.1 0.1 0.1]
8440,[0.1 0.1 0.1 0.1]
8444,[0.1 0.1 0.1 0.1]
8448,[0.1 0.1 0.1 0.1]
8452,[0.1 0.1 0.1 0.1]
8456,[0.1 0.1 0.1 0.1]
8460,[0.1 0.1 0.1 0.1]
8464,[0.1 0.1 0.1 0.1]
8468,[0.1 0.1 0.1 0.1]
8472,[0.1 0.1 0.1 0.1]
8476,[0.1 0.1 0.1 0.1]
8480,[0.1 0.1 0.1 0.1]
8484,[0.1 0.1 0.1 0.1]
8488,[0.1 0.1 0.1 0.1]
8492,[0.1 0.1 0.1 0.1]
8496,[0.1 0.1 0.1 0.1]
8500,[0.1 0.1 0.1 0.1]
8504,[0.1 0.1 0.1 0.1]
8508,[0.1 0.1 0.1 0.1]
8512,[0.1 0.1 0.1 0.1]
8516,[0.1 0.1 0.1 0.1]
8520,[ 0.1  0.1  0.1 -1. ]
8524,[-1.   0.1  0.1  0.1]
8528,[0.1 0.1 0.1 0.1]
8532,[0.1 0.1 0.1 0.1]
8536,[0.1 0.1 0.1 0.1]
8540,[0.1 0.1 0.1 0.1]
8544,[0.1 0.1 0.1 0.1]
8548,[0.1 0.1 0.1 0.1]
8552,[0.1 0.1 0.1 0.1]
8556,[0.1 0.1 0.1 0.1]
8560,[0.1 0.1 0.1 0.1]
8564,[0.1 0.1 0.1 0.1]
8568,[0.1 0.1 0.1 0.1]
8572,[0.1 0.1 0.1 0.1]
8576,[0.1 0.1 0.1 0.1]
8580,[0.1 0.1 0.1 0.1]
8584,[0.1 0.1 0.1 0.1]
8588,[0.1 0.1 0.1 0.1]
8592,[0.1 0.1 0.1 0.1]
8596,[0.1 0.1 0.1 0.1]
8600,[0.1 0.1 0.1 0.1]
8604,[0.1 0.1 0.1 0.1]
8608,[0.1 0.1 0.1 0.1]
8612,[ 0.1  0.1 -1.   0.1]
8616,[0.1 0.1 0.1 0.1]
8620,[ 0.1 -1.   0.1  0.1]
8624,[0.1 0.1 0.1 0.1]
8628,[0.1 0.1 0.1 0.1]
8632,[0.1 0.1 0.1 0.1]
8636,[0.1 0.1 0.1 0.1]
8640,[0.1 0.1 0.1 0.1]
8644,[ 0.1  0.1  0.1 -1. ]
8648,[0.1 0.1 0.1 0.1]
8652,[0.1 0.1 0.1 0.1]
8656,[0.1 0.1 0.1 0.1]
8660,[0.1 0.1 0.1 0.1]
8664,[0.1 0.1 0.1 0.1]
8668,[0.1 0.1 0.1 0.1]
8672,[0.1 0.1 0.1 0.1]
8676,[0.1 0.1 0.1 0.1]
8680,[0.1 0.1 0.1 0.1]
8684,[0.1 0.1 0.1 0.1]
8688,[0.1 0.1 0.1 0.1]
8692,[0.1 0.1 0.1 0.1]
8696,[0.1 0.1 0.1 0.1]
8700,[0.1 0.1 0.1 0.1]
8704,[0.1 0.1 0.1 0.1]
8708,[0.1 0.1 0.1 0.1]
8712,[0.1 0.1 0.1 0.1]
8716,[0.1 0.1 0.1 0.1]
8720,[0.1 0.1 0.1 0.1]
8724,[-1.   0.1  0.1  0.1]
8728,[0.1 0.1 0.1 0.1]
8732,[0.1 0.1 0.1 0.1]
8736,[0.1 0.1 0.1 0.1]
8740,[0.1 0.1 0.1 0.1]
8744,[0.1 0.1 0.1 0.1]
8748,[0.1 0.1 0.1 0.1]
8752,[0.1 0.1 0.1 0.1]
8756,[0.1 0.1 0.1 0.1]
8760,[0.1 0.1 0.1 0.1]
8764,[0.1 0.1 0.1 0.1]
8768,[0.1 0.1 0.1 0.1]
8772,[0.1 0.1 0.1 0.1]
8776,[0.1 0.1 0.1 0.1]
8780,[0.1 0.1 0.1 0.1]
8784,[0.1 0.1 0.1 0.1]
8788,[0.1 0.1 0.1 0.1]
8792,[0.1 0.1 0.1 0.1]
8796,[0.1 0.1 0.1 0.1]
8800,[0.1 0.1 0.1 0.1]
8804,[0.1 0.1 0.1 0.1]
8808,[0.1 0.1 0.1 0.1]
8812,[ 0.1  0.1 -1.   0.1]
8816,[0.1 0.1 0.1 0.1]
8820,[0.1 0.1 0.1 0.1]
8824,[0.1 0.1 0.1 0.1]
8828,[0.1 0.1 0.1 0.1]
8832,[0.1 0.1 0.1 0.1]
8836,[0.1 0.1 0.1 0.1]
8840,[0.1 0.1 0.1 0.1]
8844,[ 0.1  0.1  0.1 -1. ]
8848,[0.1 0.1 0.1 0.1]
8852,[0.1 0.1 0.1 0.1]
8856,[0.1 0.1 0.1 0.1]
8860,[0.1 0.1 0.1 0.1]
8864,[0.1 1.  0.1 0.1]
8868,[ 0.1 -1.   0.1  0.1]
8872,[0.1 0.1 0.1 0.1]
8876,[0.1 0.1 0.1 0.1]
8880,[0.1 0.1 0.1 0.1]
8884,[0.1 0.1 0.1 0.1]
8888,[0.1 0.1 0.1 0.1]
8892,[0.1 0.1 0.1 0.1]
8896,[0.1 0.1 0.1 0.1]
8900,[0.1 0.1 0.1 0.1]
8904,[0.1 0.1 0.1 0.1]
8908,[0.1 0.1 0.1 0.1]
8912,[0.1 0.1 0.1 0.1]
8916,[0.1 0.1 0.1 0.1]
8920,[0.1 0.1 0.1 0.1]
8924,[-1.   0.1  0.1  0.1]
8928,[0.1 0.1 0.1 0.1]
8932,[0.1 0.1 0.1 0.1]
8936,[0.1 0.1 0.1 0.1]
8940,[0.1 0.1 0.1 0.1]
8944,[0.1 0.1 0.1 0.1]
8948,[0.1 0.1 0.1 0.1]
8952,[0.1 0.1 0.1 0.1]
8956,[0.1 0.1 0.1 0.1]
8960,[0.1 0.1 0.1 0.1]
8964,[0.1 0.1 0.1 0.1]
8968,[0.1 0.1 0.1 0.1]
8972,[0.1 0.1 0.1 0.1]
8976,[0.1 0.1 0.1 0.1]
8980,[0.1 0.1 0.1 0.1]
8984,[0.1 0.1 0.1 0.1]
8988,[0.1 0.1 0.1 0.1]
8992,[ 0.1 -1.   0.1  0.1]
8996,[0.1 0.1 0.1 0.1]
9000,[0.1 0.1 0.1 0.1]
9004,[0.1 0.1 0.1 0.1]
9008,[0.1 0.1 0.1 0.1]
9012,[ 0.1  0.1 -1.   0.1]
9016,[0.1 0.1 0.1 0.1]
9020,[0.1 0.1 0.1 0.1]
9024,[0.1 0.1 0.1 0.1]
9028,[0.1 0.1 0.1 0.1]
9032,[0.1 0.1 0.1 0.1]
9036,[0.1 0.1 0.1 0.1]
9040,[0.1 0.1 0.1 0.1]
9044,[0.1 0.1 0.1 0.1]
9048,[0.1 0.1 0.1 0.1]
9052,[0.1 0.1 0.1 0.1]
9056,[0.1 0.1 0.1 0.1]
9060,[0.1 0.1 0.1 0.1]
9064,[0.1 0.1 0.1 0.1]
9068,[0.1 0.1 0.1 0.1]
9072,[0.1 0.1 0.1 0.1]
9076,[0.1 0.1 0.1 0.1]
9080,[0.1 0.1 0.1 0.1]
9084,[0.1 0.1 0.1 0.1]
9088,[ 0.1  0.1  0.1 -1. ]
9092,[0.1 0.1 0.1 0.1]
9096,[0.1 0.1 0.1 0.1]
9100,[0.1 0.1 0.1 0.1]
9104,[0.1 0.1 0.1 0.1]
9108,[0.1 0.1 0.1 0.1]
9112,[0.1 0.1 0.1 0.1]
9116,[0.1 0.1 0.1 0.1]
9120,[0.1 0.1 0.1 0.1]
9124,[-1.   0.1  0.1  0.1]
9128,[0.1 0.1 0.1 0.1]
9132,[0.1 0.1 0.1 0.1]
9136,[0.1 0.1 0.1 0.1]
9140,[0.1 0.1 0.1 0.1]
9144,[0.1 0.1 0.1 0.1]
9148,[0.1 0.1 0.1 0.1]
9152,[0.1 0.1 0.1 0.1]
9156,[0.1 0.1 0.1 0.1]
9160,[0.1 0.1 0.1 0.1]
9164,[0.1 0.1 0.1 0.1]
9168,[0.1 0.1 0.1 0.1]
9172,[0.1 0.1 0.1 0.1]
9176,[0.1 0.1 0.1 0.1]
9180,[0.1 0.1 0.1 0.1]
9184,[0.1 0.1 0.1 0.1]
9188,[ 0.1 -1.   0.1  0.1]
9192,[0.1 0.1 0.1 0.1]
9196,[0.1 0.1 0.1 0.1]
9200,[0.1 0.1 0.1 0.1]
9204,[0.1 0.1 0.1 0.1]
9208,[ 0.1  0.1 -1.   0.1]
9212,[0.1 0.1 0.1 0.1]
9216,[0.1 0.1 0.1 0.1]
9220,[0.1 0.1 0.1 0.1]
9224,[0.1 0.1 0.1 0.1]
9228,[0.1 0.1 0.1 0.1]
9232,[0.1 0.1 0.1 0.1]
9236,[0.1 0.1 0.1 0.1]
9240,[0.1 0.1 0.1 0.1]
9244,[0.1 0.1 0.1 0.1]
9248,[0.1 0.1 0.1 0.1]
9252,[0.1 0.1 0.1 0.1]
9256,[0.1 0.1 0.1 0.1]
9260,[0.1 0.1 0.1 0.1]
9264,[0.1 0.1 0.1 0.1]
9268,[0.1 0.1 0.1 0.1]
9272,[0.1 0.1 0.1 0.1]
9276,[0.1 0.1 0.1 0.1]
9280,[0.1 0.1 0.1 0.1]
9284,[0.1 0.1 0.1 0.1]
9288,[ 0.1  0.1  0.1 -1. ]
9292,[0.1 0.1 0.1 0.1]
9296,[0.1 0.1 0.1 0.1]
9300,[0.1 0.1 0.1 0.1]
9304,[0.1 0.1 0.1 0.1]
9308,[0.1 0.1 0.1 0.1]
9312,[0.1 0.1 0.1 0.1]
9316,[0.1 0.1 0.1 0.1]
9320,[0.1 0.1 0.1 0.1]
9324,[-1.   0.1  0.1  0.1]
9328,[0.1 0.1 0.1 0.1]
9332,[0.1 0.1 0.1 0.1]
9336,[0.1 0.1 0.1 0.1]
9340,[0.1 0.1 0.1 0.1]
9344,[0.1 0.1 0.1 0.1]
9348,[0.1 0.1 0.1 0.1]
9352,[0.1 0.1 0.1 0.1]
9356,[0.1 0.1 0.1 0.1]
9360,[0.1 0.1 0.1 0.1]
9364,[0.1 0.1 0.1 0.1]
9368,[0.1 0.1 0.1 0.1]
9372,[0.1 0.1 0.1 0.1]
9376,[0.1 0.1 0.1 0.1]
9380,[0.1 0.1 0.1 0.1]
9384,[0.1 0.1 0.1 0.1]
9388,[ 0.1 -1.   0.1  0.1]
9392,[0.1 0.1 0.1 0.1]
9396,[ 0.1  0.1 -0.5  0.1]
9400,[ 0.1  0.1 -0.5  0.1]
9404,[ 0.1  0.1 -0.5  0.1]
9408,[ 0.1  0.1 -1.   0.1]
9412,[0.1 0.1 0.1 0.1]
9416,[0.1 0.1 0.1 0.1]
9420,[0.1 0.1 0.1 0.1]
9424,[0.1 0.1 0.1 0.1]
9428,[0.1 0.1 0.1 0.1]
9432,[0.1 0.1 0.1 0.1]
9436,[0.1 0.1 0.1 0.1]
9440,[0.1 0.1 0.1 0.1]
9444,[0.1 0.1 0.1 0.1]
9448,[0.1 0.1 0.1 0.1]
9452,[0.1 0.1 0.1 0.1]
9456,[0.1 0.1 0.1 0.1]
9460,[0.1 0.1 0.1 0.1]
9464,[0.1 0.1 0.1 0.1]
9468,[0.1 0.1 0.1 0.1]
9472,[0.1 0.1 0.1 0.1]
9476,[0.1 0.1 0.1 0.1]
9480,[0.1 0.1 0.1 0.1]
9484,[0.1 0.1 0.1 0.1]
9488,[ 0.1  0.1  0.1 -1. ]
9492,[0.1 0.1 0.1 0.1]
9496,[0.1 0.1 0.1 0.1]
9500,[0.1 0.1 0.1 0.1]
9504,[0.1 0.1 0.1 0.1]
9508,[0.1 0.1 0.1 0.1]
9512,[0.1 0.1 0.1 0.1]
9516,[0.1 0.1 0.1 0.1]
9520,[0.1 0.1 0.1 0.1]
9524,[-1.   0.1  0.1  0.1]
9528,[0.1 0.1 0.1 0.1]
9532,[0.1 0.1 0.1 0.1]
9536,[0.1 0.1 0.1 0.1]
9540,[0.1 0.1 0.1 0.1]
9544,[0.1 0.1 0.1 0.1]
9548,[0.1 0.1 0.1 0.1]
9552,[0.1 0.1 0.1 0.1]
9556,[0.1 0.1 0.1 0.1]
9560,[0.1 0.1 0.1 0.1]
9564,[0.1 0.1 0.1 0.1]
9568,[0.1 0.1 0.1 0.1]
9572,[0.1 0.1 0.1 0.1]
9576,[0.1 0.1 0.1 0.1]
9580,[0.1 0.1 0.1 0.1]
9584,[0.1 0.1 0.1 0.1]
9588,[ 0.1 -1.   0.1  0.1]
9592,[0.1 0.1 0.1 0.1]
9596,[0.1 0.1 0.1 0.1]
9600,[0.1 0.1 0.1 0.1]
9604,[0.1 0.1 0.1 0.1]
9608,[ 0.1  0.1 -1.   0.1]
9612,[0.1 0.1 0.1 0.1]
9616,[0.1 0.1 0.1 0.1]
9620,[0.1 0.1 0.1 0.1]
9624,[0.1 0.1 0.1 0.1]
9628,[0.1 0.1 0.1 0.1]
9632,[0.1 0.1 0.1 0.1]
9636,[0.1 0.1 0.1 0.1]
9640,[0.1 0.1 0.1 0.1]
9644,[0.1 0.1 0.1 0.1]
9648,[0.1 0.1 0.1 0.1]
9652,[0.1 0.1 0.1 0.1]
9656,[0.1 0.1 0.1 0.1]
9660,[0.1 0.1 0.1 0.1]
9664,[0.1 0.1 0.1 0.1]
9668,[0.1 0.1 0.1 0.1]
9672,[0.1 0.1 0.1 0.1]
9676,[0.1 0.1 0.1 0.1]
9680,[0.1 0.1 0.1 0.1]
9684,[0.1 0.1 0.1 0.1]
9688,[ 0.1  0.1  0.1 -1. ]
9692,[0.1 0.1 0.1 0.1]
9696,[0.1 0.1 0.1 0.1]
9700,[0.1 0.1 0.1 0.1]
9704,[0.1 0.1 0.1 0.1]
9708,[0.1 0.1 0.1 0.1]
9712,[0.1 0.1 0.1 0.1]
9716,[0.1 0.1 0.1 0.1]
9720,[0.1 0.1 0.1 0.1]
9724,[0.1 0.1 0.1 0.1]
9728,[0.1 0.1 0.1 0.1]
9732,[-1.   0.1  0.1  0.1]
9736,[0.1 0.1 0.1 0.1]
9740,[0.1 0.1 0.1 0.1]
9744,[0.1 0.1 0.1 0.1]
9748,[0.1 0.1 0.1 0.1]
9752,[0.1 0.1 0.1 0.1]
9756,[0.1 0.1 0.1 0.1]
9760,[0.1 0.1 0.1 0.1]
9764,[0.1 0.1 0.1 0.1]
9768,[0.1 0.1 0.1 0.1]
9772,[0.1 0.1 0.1 0.1]
9776,[0.1 0.1 0.1 0.1]
9780,[0.1 0.1 0.1 0.1]
9784,[0.1 0.1 0.1 0.1]
9788,[ 0.1 -1.   0.1  0.1]
9792,[0.1 0.1 0.1 0.1]
9796,[0.1 0.1 0.1 0.1]
9800,[0.1 0.1 0.1 0.1]
9804,[0.1 0.1 0.1 0.1]
9808,[ 0.1  0.1 -1.   0.1]
9812,[0.1 0.1 0.1 0.1]
9816,[0.1 0.1 0.1 0.1]
9820,[0.1 0.1 0.1 0.1]
9824,[0.1 0.1 0.1 0.1]
9828,[0.1 0.1 0.1 0.1]
9832,[0.1 0.1 0.1 0.1]
9836,[0.1 0.1 0.1 0.1]
9840,[0.1 0.1 0.1 0.1]
9844,[0.1 0.1 0.1 0.1]
9848,[0.1 0.1 0.1 0.1]
9852,[0.1 0.1 0.1 0.1]
9856,[0.1 0.1 0.1 0.1]
9860,[0.1 0.1 0.1 0.1]
9864,[0.1 0.1 0.1 0.1]
9868,[0.1 0.1 0.1 0.1]
9872,[0.1 0.1 0.1 0.1]
9876,[0.1 0.1 0.1 0.1]
9880,[0.1 0.1 0.1 0.1]
9884,[0.1 0.1 0.1 0.1]
9888,[ 0.1  0.1  0.1 -1. ]
9892,[0.1 0.1 0.1 0.1]
9896,[0.1 0.1 0.1 0.1]
9900,[0.1 0.1 0.1 0.1]
9904,[0.1 0.1 0.1 0.1]
9908,[0.1 0.1 0.1 0.1]
9912,[0.1 0.1 0.1 0.1]
9916,[0.1 0.1 0.1 0.1]
9920,[0.1 0.1 0.1 0.1]
9924,[0.1 0.1 0.1 0.1]
9928,[0.1 0.1 0.1 0.1]
9932,[-1.   0.1  0.1  0.1]
9936,[0.1 0.1 0.1 0.1]
9940,[0.1 0.1 0.1 0.1]
9944,[0.1 0.1 0.1 0.1]
9948,[0.1 0.1 0.1 0.1]
9952,[0.1 0.1 0.1 0.1]
9956,[0.1 0.1 0.1 0.1]
9960,[0.1 0.1 0.1 0.1]
9964,[0.1 0.1 0.1 0.1]
9968,[0.1 0.1 0.1 0.1]
9972,[0.1 0.1 0.1 0.1]
9976,[0.1 0.1 0.1 0.1]
9980,[0.1 0.1 0.1 0.1]
9984,[0.1 0.1 0.1 0.1]
9988,[ 0.1 -1.   0.1  0.1]
9992,[0.1 0.1 0.1 0.1]
9996,[0.1 0.1 0.1 0.1]
10000,[0.1 0.1 0.1 0.1]
10004,[0.1 0.1 0.1 0.1]
10008,[ 0.1  0.1 -1.   0.1]
10012,[0.1 0.1 0.1 0.1]
10016,[0.1 0.1 0.1 0.1]
10020,[0.1 0.1 0.1 0.1]
10024,[0.1 0.1 0.1 0.1]
10028,[0.1 0.1 0.1 0.1]
10032,[0.1 0.1 0.1 0.1]
10036,[0.1 0.1 0.1 0.1]
10040,[0.1 0.1 0.1 0.1]
10044,[0.1 0.1 0.1 0.1]
10048,[0.1 0.1 0.1 0.1]
10052,[0.1 0.1 0.1 0.1]
10056,[0.1 0.1 0.1 0.1]
10060,[0.1 0.1 0.1 0.1]
10064,[0.1 0.1 0.1 0.1]
10068,[0.1 0.1 0.1 0.1]
10072,[0.1 0.1 0.1 0.1]
10076,[0.1 0.1 0.1 0.1]
10080,[0.1 0.1 0.1 0.1]
10084,[0.1 0.1 0.1 0.1]
10088,[ 0.1  0.1  0.1 -1. ]
10092,[0.1 0.1 0.1 0.1]
10096,[0.1 0.1 0.1 0.1]
10100,[0.1 0.1 0.1 0.1]
10104,[0.1 0.1 0.1 0.1]
10108,[0.1 0.1 0.1 0.1]
10112,[0.1 0.1 0.1 0.1]
10116,[0.1 0.1 0.1 0.1]
10120,[0.1 0.1 0.1 0.1]
10124,[0.1 0.1 0.1 0.1]
10128,[0.1 0.1 0.1 0.1]
10132,[-1.   0.1  0.1  0.1]
10136,[0.1 0.1 0.1 0.1]
10140,[0.1 0.1 0.1 0.1]
10144,[0.1 0.1 0.1 0.1]
10148,[0.1 0.1 0.1 0.1]
10152,[0.1 0.1 0.1 0.1]
10156,[0.1 0.1 0.1 0.1]
10160,[0.1 0.1 0.1 0.1]
10164,[0.1 0.1 0.1 0.1]
10168,[0.1 0.1 0.1 0.1]
10172,[0.1 0.1 0.1 0.1]
10176,[0.1 0.1 0.1 0.1]
10180,[0.1 0.1 0.1 0.1]
10184,[0.1 0.1 0.1 0.1]
10188,[ 0.1 -1.   0.1  0.1]
10192,[0.1 0.1 0.1 0.1]
10196,[0.1 0.1 0.1 0.1]
10200,[0.1 0.1 0.1 0.1]
10204,[0.1 0.1 0.1 0.1]
10208,[ 0.1  0.1 -1.   0.1]
10212,[0.1 0.1 0.1 0.1]
10216,[0.1 0.1 0.1 0.1]
10220,[0.1 0.1 0.1 0.1]
10224,[0.1 0.1 0.1 0.1]
10228,[0.1 0.1 0.1 0.1]
10232,[0.1 0.1 0.1 0.1]
10236,[0.1 0.1 0.1 0.1]
10240,[0.1 0.1 0.1 0.1]
